id,学科,知识点,置信度,问题字段,字段原文,问题描述,修正内容,验收结果
YY_WY_G1_B3_U3_004,英语,含复合宾语的被动语态,40,prerequisites,YY_WY_G1_B3_U4_001,prerequisites 引用“YY_WY_G1_B3_U4_001”与本条无关：本条在 Unit 3，引用的却是 Unit 4（Amazing Art）的知识点，明显硬凑/错误,,
YY_WY_G1_B3_U6_001,英语,现在分词表伴随动作,40,example,"[仿题]She left ___ a smile.
解析：伴随微笑离开填with。",example “She left ___ a smile”解析填 with，但知识点讲的是现在分词作伴随状语，答案却是介词 with，与本条知识点完全不符,,
WL_G1_B3_DNNL_018,物理,多用电表欧姆挡原理,40,example,[仿题]欧姆挡指针越靠右刻度数值如何？解析：靠右电流小、电阻大，刻度从左到右增大。解析完毕。,example 解析错误：'靠右电流小、电阻大，刻度从左到右增大'与欧姆表实际刻度方向相反,,
WL_G1_B5_DCGY_020,物理,导体棒运动的收尾速度,40,乱码,[仿题]恒力F拉棒最终匀速。解析：令F=B²L²v/R得收尾速度，Anonym平衡求解。,"example 含乱码（""Anonym""为未替换占位符）",,
LS_G1_B1_MQ_004,历史,明朝对边疆的治理,45,example,[仿题]明朝为加强边疆治理采取了哪些方式？解析：设奴儿干都司、乌思藏宣慰司等机构，兼用册封与互市等方式。,example 解析沿用错误的“乌思藏宣慰司”，与题目知识点不符,,
LS_G1_B1_MQ_010,历史,清朝对西藏的管辖,45,乱码,把驻藏大臣误说成由西藏地方自行推举产生；混淆设驻藏大臣与金瓶掣签两个政的帝王阶段；误以为清朝对西藏只是名义册封而无实际管理；把册封达赖班禅错说成由驻藏大臣自主钦定即可,typical_errors “混淆设驻藏大臣与金瓶掣签两个政的帝王阶段”中“两个政”为错字，应为“两个政策/制度”,,
YY_WY_G1_B1_U4_010,英语,表达支持与陪伴的动词,45,typical_errors,表达支持误把 support 当作形容词而当名词句型使用；陪伴 accompany 误拼成 company 混淆词串；鼓励 encourage 后误接 to do 并用错补足结构,typical_errors 第3条“鼓励 encourage 后误接 to do 并用错补足结构”是知识性错误：encourage sb to do sth 本来就是正确搭配，把正确用法当成错误,,
YY_WY_G1_B3_U4_011,英语,艺术评论主观句式,45,typical_errors,把in my view误写成in my opinion混搭使用；I think后直接加because造成句子冗余；把to me位置放错，干扰句子主干,typical_errors 第1条“把in my view误写成in my opinion混搭使用”是知识性错误：in my opinion 本身是正确的常用表达，不该当错误,,
YY_WY_G1_B3_U6_004,英语,现在分词作原因状语,45,example,"[仿题]___ about it, she called me.
解析：因为担心填Worried。","example “___ about it, she called me”解析填 Worried（过去分词），但本条讲的是现在分词作原因状语，分词形式用反",,
YY_WY_G1_B5_U5_005,英语,there be句型的主谓一致,45,example,"[仿题]There ___ mangoes and an apple on the table.
解析：最近名词是 apple 单数，故选 is。",example “There ___ mangoes and an apple”中紧挨空格的最近名词是 mangoes（复数），应填 are，但解析称“最近名词是 apple 单数故选 is”，主谓一致讲错,,
WL_G1_B3_DNNL_006,物理,非纯电阻电路与电动机,45,example,[仿题]电动机U=48V、I=2A、R=4Ω，求输出机械功率。解析：P出=UI-I2R=64W。解析完毕。,example 计算错误：P出=UI-I²R=48×2-4×4=80W，解析误写为64W,,
WL_G1_B5_DCGY_003,物理,磁通量的概念,45,example,[仿题]面积S的线圈与匀强磁场成30度角。解析：磁通量Φ=BSsin60°，代入即可得结果。,example 解析知识性错误（30°角应取sin30°而非sin60°）,,
HX_G1_B3_DN_009,化学,金属的防护,48,example,"[仿题]牺牲阳极保护法中船体应作什么极？
解析：被保护金属作负极被保护（作阴极），锌块作阳极。",example 解析有知识性错误：把被保护金属（船体）写成'负极'，又与括号里的'阴极'自相矛盾，牺牲阳极保护法中被保护金属应作正极（阴极）,,
YY_WY_G1_B3_U2_003,英语,过去虚拟的委婉假设反思,50,example,"[仿题]若早点行动损失会小些。
解析：If we had acted earlier, damage would be smaller，表委婉反思。","example “If we had acted earlier, damage would be smaller”主句时态错误：与过去事实相反的虚拟，主句应为 would have been smaller",,
WL_G1_B5_APLL_013,物理,圆周运动轨迹半径,50,typical_errors,由向心力列式时漏乘速度导致半径公式推错；把r=qvB/m洛化变形为r正比于B；误认为半径与粒子速度无关只由磁场决定；代入比荷时把电荷量与质量位置搞反,typical_errors 公式错误（r=qvB/m 应为 mv/qB）,,
WL_G1_B5_APLL_013,物理,圆周运动轨迹半径,50,乱码,由向心力列式时漏乘速度导致半径公式推错；把r=qvB/m洛化变形为r正比于B；误认为半径与粒子速度无关只由磁场决定；代入比荷时把电荷量与质量位置搞反,"typical_errors 语句不通（""洛化变形""）",,
YY_WY_G1_B4_U3_006,英语,独立主格逻辑主谓关系,55,example,"[仿题]Her arms ____, she waved.
解析：手臂举起主动填raised。","example “Her arms ____, she waved”解析称“手臂举起主动填 raised”，但 raised 是过去分词表被动（手臂被举起），主被动判断错误",,
SX_A_G1_B2_LTJH_004,数学,用斜二测画法画直观图,55,typical_errors,画斜二测时把竖方向的长度也减半，实际只有横轴方向取半；忘记把坐标系纵轴化成45°，直接沿用90°直角坐标系来画；还原直观图求原图长度时方向取反，把已减半的看成增长后的,typical_errors 有知识性错误：实际只有横轴方向取半，应为纵轴(y轴)取半,,
WL_G1_B5_DCGY_002,物理,产生感应电流的条件,55,example,[仿题]闭合导线框在匀强磁场中匀速平动穿过磁场。解析：框中磁通量先增后减，故选D产生感应电流。,"example 题干不完整（解析引用""选D""但题干无选项）",,
YY_WY_G1_B3_U2_008,英语,过去完成时的公益回顾,60,example,"[仿题]就绪后才实施计划。
解析：After we had prepared, we carried out it，先发生用 had done。",example “we carried out it”语序错误，应为 carried it out（代词应放短语中间）,,
YY_WY_G1_B6_U1_011,英语,as if从句的虚拟语气,60,example,"[仿题]She spoke as if she ___ the truth.
解析：假想不知情，用过去完成式，填 had known。",example “She spoke as if she ___ the truth”解析“假想不知情，用过去完成式填 had known”，但 as if + had known 表示她像知道真相，与“不知情”语义相反,,
YY_WY_G1_B6_U6_006,英语,并列句中的省略规则,60,example,"[仿题]She sings well and I (do) too.
解析：后半省略 plays 之类的重复部分。",example “She sings well and I (do) too”解析“后半省略 plays 之类的重复部分”错误，应省略的是 sing/do，而非 plays,,
WL_G1_B4_JXB_001,物理,机械波的形成与传播,60,乱码,误以为波传播时介质质点随波一起向前迁移，画出整体平移的图示；忽略机械波形成必须依赖介质，误认为波源振动可直接在真空中传播；把波动与质点运动混淆，认为每个质点都随何时运作波路径前进；漏判断波源是否持续振动，把单个随机扰动也当成稳定机械波,"typical_errors 语句不通顺（""随何时运作波路径前进""）",,
WL_G1_B5_APLL_002,物理,安培力的方向判断,60,乱码,用右手定则来判断磁场中的安培力方向；把磁感线方向穿出手心而不穿入手心；误认为安培力一定与整个导线平行动画；忽略安培力既垂直B又垂直I的双重约束,"typical_errors 语句不通（""平行动画""疑为""平行""）",,
WL_G1_B5_APLL_017,物理,圆形边界磁场的运动,60,乱码,把轨迹圆与磁场边界圆混淆成一个圆；忽略两圆心连线与半径的三角形几何关系；误判粒子在磁场中运动的圆心角大小；放射性边界外部分仍当作磁场内轨迹处理,"typical_errors 语句不通（""放射性边界""应为""圆形边界""）",,
YY_WY_G1_B1_U1_006,英语,开学新起点主题词汇,62,typical_errors,需表达挑战含义时误把名词 challenge 当成动词变形来用；介绍校园时把 campus 误拼成 campus 类似的错误拼写；表达自信误把 confident 与名词 confidence 的拼写混淆,typical_errors 出现自相矛盾的表述“把 campus 误拼成 campus”，等于没说，且“把名词 challenge 当成动词变形来用”指向不清,,
WL_G1_B4_GX_003,物理,折射率的决定因素,62,typical_errors,误认为入射角增大时介质折射率也随之增大；把折射率当成只由入射角决定的物理量；混淆不同频率光在同一介质折射率相同；用折射角大小直接反推折射率正负方向错判,"typical_errors 概念混乱（""折射率正负方向""不存在）",,
WL_G1_B4_JXB_018,物理,波的传播的多解分析,62,乱码,[仿题]数列波经0.1秒传播了1米加若干波长，求可能波速并说明多解。解析：随n取不同整数给出多组波速答案。,"example 题干有错别字（""数列波""应为""一列波""）",,
WL_G1_B4_JXB_018,物理,波的传播的多解分析,62,example,[仿题]数列波经0.1秒传播了1米加若干波长，求可能波速并说明多解。解析：随n取不同整数给出多组波速答案。,example 解析空泛,,
WL_G1_B3_JDCD_011,物理,电场及其基本性质,65,example,[仿题]试探电荷受力为零处是否一定无电场。解析：受力与电荷量有关，场强为零才是无电场，故其处不一定无电场。,example 解析知识性错误：试探电荷受力为零处场强应为零（E=F/q），解析'不一定无电场'结论错误,,
WL_G1_B5_APLL_004,物理,磁感应强度的定义,65,typical_errors,误认为磁感应强度随电流增大而增大；把匀强磁场中某点B当成随位置改变的量；定义式与安培力方向混用到矢量相互替代；求B时套用非垂直情形的安培力公式,"typical_errors 表述混乱（""定义式与安培力方向混用到矢量相互替代""）",,
WL_G1_B2_YZYD_009,物理,圆锥摆水平圆周,66,example,[仿题]圆锥摆摆线与竖直夹角为45度，绳长L，求周期。解析：向心力水平，mω方乘r等于mg，r等于Lsin45，解得周期。,example 解析知识性错误：'mω²r=mg'漏掉tanθ，仅在45°时数值巧合成立,,
YY_WY_G1_B1_U6_009,英语,表示保护生态的固定短语,68,typical_errors,保护环境误把 protect the environment 的 the 省略掉；减少污染表达时误用 reduce 与 pollution 搭配错误；倡议中把动词短语句式误用成无主语表达,typical_errors 第2条“减少污染表达时误用 reduce 与 pollution 搭配错误”自相矛盾：reduce pollution 本来就是正确搭配,,
YY_WY_G1_B3_U6_006,英语,现在分词作状语时态形式,68,example,"[仿题]___ home, he slept.
解析：先到家后睡觉填Arriving。","example “___ home, he slept”解析填 Arriving，但解析又说“先到家后睡觉”，按本条 having done 规则应填 Having arrived，自相矛盾",,
YY_WY_G1_B6_U5_008,英语,师法自然主题词汇,68,typical_errors,把 imitate 与 inspire 混淆含义相反；biomimicry 的拼写记忆错误；把 wisdom 与 wise 词性混用；learn from 后漏掉宾语造成残缺,typical_errors 第1条“把 imitate 与 inspire 混淆含义相反”不准确：两者含义不同但并非“相反”，表述有误,,
YY_RJ_G1_B1_U1_006,英语,陈述句中的频率副词,70,乱码,把频率副词放在句首大过课时位置，混淆语序；在 be 动词前放频率副词，写成 He often is happy；行为动词已有时态变化仍加频率副词位置出错,typical_errors 有乱码/读不懂：'把频率副词放在句首大过课时位置'语义不通,,
YY_RJ_G1_B2_U2_012,英语,保护成效描述词汇,70,乱码,recover 与 survive 厚度混淆；flourish 拼写漏字母；描述成效时选错了恢复程度的词,typical_errors 有错字/读不懂：'recover 与 survive 厚度混淆'应为'程度',,
YY_RJ_G1_B2_U3_007,英语,网络基础操作词汇,70,typical_errors,download 与 load 单复数混淆；access 后误加介词，写成 access to 主动语态；browse 拼写漏字母,typical_errors 有空泛/误导：'download 与 load 单复数混淆'指向不清；'access 后误加介词，写成 access to 主动语态'与 access to 的正确搭配冲突,,
YY_RJ_G1_B2_U5_012,英语,被音乐打动表达,70,乱码,"[仿题]填空：我被这首歌 ___（move）shallow。
解析：被打动用 was moved by",example 题干有乱码：'我被这首歌 ___（move）shallow'中 shallow 表意不通,,
YY_RJ_G1_B3_U1_013,英语,非谓语在主题语境的应用,70,乱码,整段只用一个形式忽视主动被动区别；把握不清被修饰对象导致宾语位置放错；在一个句子里生硬堆多个非谓语致语意混乱；distinguish 非谓语与谓语时丢时态,typical_errors 有乱码：'distinguish 非谓语与谓语时丢时态'中英文混杂、表意不通,,
YY_RJ_G1_B5_U3_004,英语,该不该用 that 作连接词,70,乱码,定语从句却误用 that 充当成分不够时；同位语从句把 that 误写成 which；type 混合宾语从句把可省的 that 乱省,typical_errors 有乱码：'type 混合宾语从句把可省的 that 乱省'表意不通,,
YY_RJ_G1_B6_U1_006,英语,艺术家与作品词汇,70,乱码,"[仿题]The ______ (painting/painter) hangs in the gallery.
解析：填 painting，画作，构图缘物品陈列在画廊。",example 解析有乱码：'构图缘物品陈列在画廊'表意不通,,
YY_RJ_G1_B7_U2_001,英语,非谓语作定语综合运用,70,example,"[仿题]We visited a ______ (famous/famously) tower.
解析：填 famous，著名的，形容词修饰名词。",example 与知识点不匹配：题面'We visited a famous tower'考形容词 famous，而非 doing/done/to do 作定语,,
YY_WY_G1_B1_U1_012,英语,表示频度的副词排序,70,乱码,把 usually 与 often 的频率高低误判颠倒；频度副词误放到句尾造成语序不当；倍语 always 与 never 的否定含义区分不清,typical_errors 出现“倍语 always 与 never 的否定含义区分不清”，“倍语”为生造/错字，学生读不懂,,
SX_B_G1_B2_ZSDM_006,数学,对数的换底公式,70,example,"[仿题]计算log_2 27·log_3 4。
解析：换成同底相约为log3^3·log2^2，结果6。",example 解析中间步骤符号乱（log3^3·log2^2），虽最终结果6正确但过程不规范,,
WL_G1_B1_XHZL_001,物理,力的概念与相互性,70,example,[仿题]人用力蹬地起跳，以下说法正确的是哪项？解析：人对地有作用力，地同时对人施力，大气不存在施力物体，故起跳力由地面反作用提供。解析选正确项即可。,example 解析含无意义表述'大气不存在施力物体'，题干'以下说法正确的是哪项'无选项、不完整,,
WL_G1_B3_DNNL_004,物理,电功与电热的区别,70,example,[仿题]电动机U=48V、I=2A、R=4Ω，分别求电功和电热。解析：电功UI全转化，电热按I2R单独算。解析完毕。,example 解析表述误导：'电功UI全转化'易被误解为电功全部转化为内能,,
YY_RJ_G1_B1_U1_005,英语,青春校园话题词汇,72,typical_errors,把活动类与感受类词混用，逻辑上说不通；拼写漏字母，把 volunteer 写成 volnteer；分不清 challenge 与 challenge 相关的动词搭配；lonely 与 alone 混用，忽视其情感差异,typical_errors 有车轱辘话：'分不清 challenge 与 challenge 相关的动词搭配'自指、无具体指向；'把活动类与感受类词混用'也空泛,,
YY_RJ_G1_B1_U2_007,英语,景点观光活动词汇,72,typical_errors,把固定搭配 go sightseeing 误写成 do sightseeing；把 scenery 误当作复数 scenery 一起使用；景点动词搭配不当，写成 visit the lake 而不是 go boating,typical_errors 有车轱辘话：'把 scenery 误当作复数 scenery'自指、指向不清,,
YY_RJ_G1_B1_U3_007,英语,健康生活方式词汇,72,typical_errors,把 fit 误当成体重轻，忽略它强调体形健康；energetic 与 energetic 拼写混淆漏字母；healthy 与 health 词性混用，形容词当名词写,typical_errors 有车轱辘话：'energetic 与 energetic 拼写混淆漏字母'自指无效,,
YY_RJ_G1_B1_U3_011,英语,压力放松调节词汇,72,typical_errors,relax 后误接宾语，写成 relax my stress；把 relieve 误当成名词使用；混淆 stress 与 stress 派生词在句中的词性,typical_errors 有车轱辘话：'混淆 stress 与 stress 派生词'自指、指向不清,,
YY_RJ_G1_B1_U4_009,英语,洪水泥沙台风等灾害,72,typical_errors,把 typhoon 台风误写成太简单或漏字母；混用 flood 洪水与 drought 干旱两个相反词；描述灾害爆发误用其他动词代替 break out,typical_errors 有空泛表述：'把 typhoon 台风误写成太简单或漏字母'指向不清,,
YY_RJ_G1_B1_U4_011,英语,幸存与救援词汇,72,typical_errors,survive 误当名词，把 survivor 词性用错；rescue 作名词时误写成 rescue 前加 to；把 search for 误写成 search for 之外的搭配,typical_errors 有车轱辘话：'rescue 作名词时误写成 rescue 前加 to'自指无效,,
YY_RJ_G1_B1_U5_008,英语,figure out 表示弄清,72,example,"[仿题]改错：I figured it out quickly。
解析：代词应放中间已正确",example 解析与题干不匹配：'改错：I figured it out quickly'本身无错却标为改错，解析说'已正确'，题干自相矛盾,,
YY_RJ_G1_B2_U1_009,英语,参与保护活动表达,72,乱码,"[仿题]填空：取救了，很多志愿者 ___（take part）in 修复。
解析：参加用 took part",example 题干有乱码：'取救了，很多志愿者 ___（take part）in 修复'表意不通,,
YY_RJ_G1_B2_U2_008,英语,栖息地与保护区词汇,72,typical_errors,habitat 与 habitat 单复数混淆；reserve 与 preserve 形近词混用；把 habitat 误当可数加 s 的错误,typical_errors 有车轱辘话：'habitat 与 habitat 单复数混淆'自指无效,,
YY_RJ_G1_B2_U4_007,英语,历史朝代时期词汇,72,typical_errors,ancient 与 historic 历史含义混淆；dynasty 拼写漏字母；把 century 与 century 数词搭配记错,typical_errors 有车轱辘话：'把 century 与 century 数词搭配记错'自指无效,,
YY_RJ_G1_B4_U2_005,英语,预测表达的句式,72,typical_errors,it is predicted that 缺 that；be likely to 后接 -ing 误用；predict 与 predict 形式用错状态；预测句主从时态搭配不当,typical_errors 有车轱辘话：'predict 与 predict 形式用错状态'自指无效,,
YY_RJ_G1_B4_U3_005,英语,描述自然景观的句式,72,typical_errors,be covered with 的 with 误用成 in；stretch 与 stretch 的主动形式用错；surround 的被动结构漏 be；flow 的时态与主语搭配混乱,typical_errors 有车轱辘话：'stretch 与 stretch 的主动形式用错'自指无效,,
YY_RJ_G1_B4_U5_005,英语,农业与粮食核心词汇,72,typical_errors,crop 与 crop 单复数的使用错误；yield 与 harvest 含义混淆；fertile 与 fertilizer 词类混用；irrigate 的拼写漏字母,typical_errors 有车轱辘话：'crop 与 crop 单复数的使用错误'自指无效,,
YY_RJ_G1_B5_U2_005,英语,文化交流行为动词搭配,72,typical_errors,introduce 用法混淆，搭配介词选错；share 后接动词形式错误，宾语不完整；promote 与 promote 后的宾语搭配不自然,typical_errors 有车轱辘话：'promote 与 promote 后的宾语搭配不自然'自指无效,,
YY_RJ_G1_B5_U3_005,英语,食物与食材核心词汇,72,typical_errors,ingredient 与材料 ingredient 拼写漏字母；staple food 与 main dish 概念混淆；食材名词单复数误用，可数性判断错误,typical_errors 有车轱辘话：'ingredient 与材料 ingredient 拼写漏字母'自指无效,,
YY_RJ_G1_B6_U3_007,英语,环境污染类型词汇,72,typical_errors,air pollution 与 water pollution 对象混淆；plastic waste 与 plastic 词形搭配失误；garbage 与 垃圾对应词拼写错误,typical_errors 有车轱辘话：'garbage 与 垃圾对应词拼写错误'自指无效,,
YY_RJ_G1_B6_U3_009,英语,能源与资源词汇,72,typical_errors,solar 与 solar 形容词位置搭配错；renewable 拼写漏字母；wind power 与 power 用法混淆,typical_errors 有车轱辘话：'solar 与 solar 形容词位置搭配错'自指无效,,
YY_RJ_G1_B6_U5_008,英语,诗歌朗读拉过表达,72,typical_errors,recite 与 recite 的读音拼写混淆；recital 与 recitation 形式混用；deliver a poem 搭配宾语写错,typical_errors 有车轱辘话：'recite 与 recite 的读音拼写混淆'自指无效,,
YY_WY_G1_B1_U2_007,英语,描述母语者的表达,72,typical_errors,把 native speaker 误写成复数却保留单数含义；表达外语误把 foreign language 与 second language 混用；口音 accent 与语言 accent 一词多义的选义失误,typical_errors 第3条“口音 accent 与语言 accent 一词多义的选义失误”表述混乱，自我重复无实际指向,,
YY_WY_G1_B1_U3_006,英语,家庭关系核心词汇,72,typical_errors,表达和谐误把 harmony 与 harmony 的形容词形式混用；表示亲戚误拼 relative 为 relatetive 类似错误；表达尊重 respect 时误忘记其动词与名词词性区别,typical_errors 第1条“把 harmony 与 harmony 的形容词形式混用”自我重复（harmony 的形容词应是 harmonious），表述错误,,
YY_WY_G1_B1_U6_012,英语,感官连系动词的基础用法,72,example,"[仿题]山谷看起来美丽。
解析：The valley looks beautiful，feel 感官词后接形容词。",example 解析“feel 感官词后接形容词”但例句用的是 look，解析与例句不匹配,,
YY_WY_G1_B2_U2_009,英语,描述节日气氛的表达,72,typical_errors,lively 与 lively 形容词与副词拼写混用；表达快乐氛围误用 joyful 与 glad 语境偏差；full of joy 表达中漏掉 of 造成介词缺失,typical_errors 第1条“lively 与 lively 形容词与副词拼写混用”自我重复，无实际指向,,
YY_WY_G1_B2_U6_005,英语,so 与 such 的省略用法,72,其他,so 与 such 的省略用法 | 用 so 或 such 省略重复成分以增强表达程度的用法。,name/definition 把 so/such 的程度用法与“I think so”的省略用法混为一谈，知识点界定混乱,,
YY_WY_G1_B2_U6_008,英语,浅层推测情态词汇,72,typical_errors,强确定的推测误用 may 而未用 must 表更肯定；否定推测误用 mustn't 而用 should 表许可意混淆；推测句中误接动词原形后的过去分词结构错乱,typical_errors 第2条“否定推测误用 mustn't 而用 should 表许可意混淆”语句混乱不通,,
YY_WY_G1_B3_U1_009,英语,表达感谢与理解句型,72,乱码,感谢某事误把 Thank for 后误接句子而不加动名词；appreciate 表达感激后误接 that 从句与英文结构偏离；体谅表达 I understand 后误接 you 造成成分多余,typical_errors 第1条“感谢某事误把 Thank for 后误接句子而不加动名词”语句不通,,
YY_WY_G1_B6_U3_009,英语,定语从句中先行词的识别,72,example,"[仿题]The story ___ told us was true.
解析：关系代词作宾语可省略，填 he/that。",example “The story ___ told us was true”解析“填 he/that”错误：he 是定语从句主语，并非省略的关系代词，解析混乱,,
SW_G1_B1_JBJG_010,生物,细胞器之间的分工协作,72,typical_errors,只背单个细胞器功能，不会在生理过程中综合调用；漏答溶酶体分解衰老损伤细胞器这一功能；误以为光合作用只需要叶绿体，忽略还需其他细胞器配合,typical_errors 空泛：'不会在生理过程中综合调用'未指向具体错误动作,,
SX_B_G1_B3_SJH_001,数学,任意角与象限角,72,typical_errors,把超过360°的大角直接当成0°到360°之外的特殊角，忘记化归处理；误认为终边落在坐标轴上的角属于某个象限；正负角搞混方向，把逆时针旋转记成顺时针；比较角的大小时只看绝对值，忽略负角在数轴上更靠左本质更大,typical_errors 有逻辑错误：负角在数轴上更靠左本质更大 方向说反，应为 更小,,
WL_G1_B6_FZDL_001,物理,物质由大量分子组成,72,example,[仿题]下列现象能说明分子数量巨大的是？A.一天气变冷 B.一小勺水含约一千万亿亿个水分子。解析：水分子数量极其巨大，故选B。,"example 题干表述不清（选项A""一天气变冷""）",,
YY_WY_G1_B1_U3_008,英语,表示代际关系的表达,74,乱码,the elderly 表老人泛指时误加复数 s；表达晚辈时误把 teenager 与 kid 忽义等同；尊重长辈表达时漏写 respect 后的宾语,typical_errors 第2条“把 teenager 与 kid 忽义等同”出现生造词“忽义”，学生读不懂,,
YY_WY_G1_B1_U6_006,英语,过去分词的规则与不规则,74,typical_errors,不规则动词 see 误按其过去式 seen 重复加 ed；规则过去分词直接套用不规则形式导致可错行；现在完成时漏写 have 单独保留过去分词短语,typical_errors 第1条“不规则动词 see 误按其过去式 seen 重复加 ed”表述混乱（seen 是过去分词，且该条逻辑不清）,,
YY_WY_G1_B2_U1_004,英语,询问饮食偏好的疑问句,74,乱码,疑问句中误保留动词第三人称单数而非原形；特殊疑问词选错 while 具体询问对象造成错位；一般疑问与特殊疑问的语序结构混淆使用,typical_errors 第2条“特殊疑问词选错 while 具体询问对象造成错位”混入英文“while”，表述不通,,
YY_WY_G1_B2_U3_007,英语,描述运动动作的动词,74,typical_errors,score 进球时误与 goal 搭配少一宾语造成残缺；训练 train 后误接原形而应区分配 as 结构；practise 后误接动词原形而应接动名词,typical_errors 第2条“训练 train 后误接原形而应区分配 as 结构”表述混乱，“区分配 as”不通,,
YY_WY_G1_B2_U3_010,英语,表示目的与原因的表达,74,乱码,表目的误用使 for 介词而好用 to 不定式更贴切；to 不定式表目的时写错动词原形形式；目的与结果表达混用让句意方向不清晰,typical_errors 第1条“表目的误用使 for 介词而好用 to 不定式更贴切”语句不通顺,,
YY_WY_G1_B2_U5_006,英语,旅行路行主题词汇,74,typical_errors,目的地 destination 误拼成 destiantion 字母错位；游客 tourist 误把 tour 与旅游 tour 混淆词性；行李 luggage 不可数时误加复数 s 造成错误,typical_errors 第2条“游客 tourist 误把 tour 与旅游 tour 混淆词性”自我重复且表述不清,,
YY_WY_G1_B2_U6_011,英语,表达环保倡议的句型,74,typical_errors,Let's 后误接动词过去式而应用动词原形；the high time to 结构中漏掉 to 不定式残缺；倡议句式之间劝导语气运用不相协调,typical_errors 第2条“the high time to 结构中漏掉 to”表述错乱（应为 it's high time），且该结构与 to 不定式无关,,
YY_WY_G1_B3_U1_005,英语,if 从句省略的倒装虚拟,74,typical_errors,把 were 提前倒装后遗漏后面的主语成份；误把 does 或 did 倒装而违反虚拟倒装规则；if 省略又同时保留 were 造成双重冗余,typical_errors 第2条“把 does 或 did 倒装而违反虚拟倒装规则”与其他条重复混乱，表述不清晰,,
YY_WY_G1_B3_U5_001,英语,过去分词作时间状语,74,乱码,把过去分词主动义的词误用，Time was等结构混乱；作时间状语时忘了省略状语从句主语与be；把过去分词短语与其他非谓语形式混用分不清,typical_errors 第1条“把过去分词主动义的词误用，Time was等结构混乱”语句不通,,
YY_WY_G1_B7_U5_011,英语,未知神秘的表达,74,typical_errors,curiosity 与 curiosity 拼写混淆；mysterious 与 mystery 词性混用；explore the unknown 短语搭配漏词；营造悬念时词汇使用不当,typical_errors 第1条“curiosity 与 curiosity 拼写混淆”自我重复，无实际指向,,
SW_G1_B1_ZJXB_003,生物,细胞学说的科学意义,74,typical_errors,只罗列学说内容而不答意义，审题时把意义题当成复述题；把促进进化论产生这一意义漏掉，答题不完整；误以为细胞学说揭示了动物与植物的差异性而非统一性,typical_errors 空泛：'审题时把意义题当成复述题'偏审题套话,,
WL_G1_B1_XHZL_016,物理,力的分解方法,74,example,[仿题]10N力沿竖直方向分解得一分力为多少？解析：看夹角求，正交分解按坐标方向投影。,example 题干不完整：'10N力沿竖直方向分解'缺角度条件，解析'看夹角求'空泛,,
DL_ZT_G1_B1_ZRYS_004,地理,地质作用与地貌,75,prerequisites,DL_ZT_G1_B1_ZRYS_001,prerequisites 硬凑：前置引用为大气受热过程（大气圈），与本条地质作用与地貌（岩石圈）领域完全不同,,
LS_G1_B1_XSD_001,历史,中国特色社会主义新时代,75,typical_errors,把新时代开始的标志误写成中共十九大，忽略是中共十八大；漏答社会主要矛盾发生转化这一判断依据；把主要矛盾误写成人民与落后的社会生产之间的矛盾，混淆新旧表述；把“新时代”误解为与改革开放割裂，忽略其是历史继承发展,typical_errors “把新时代开始的标志误写成中共十九大，忽略是中共十八大”有误：统编教材表述为十九大（2017年）指出“中国特色社会主义进入新时代”，宣告/标志是十九大而非十八大,,
SW_G1_B1_ZJXB_011,生物,细胞的多样性与统一性,75,typical_errors,把统一性只概括为有细胞核，忽略原核细胞并无成形细胞核；只答概念不举实例，论述题因缺乏具体例证而失分；误以为所有细胞都有细胞壁，忽略动物细胞没有细胞壁,typical_errors 空泛：'只答概念不举实例'偏答题技巧套话,,
LS_G1_B1_KZ_012,历史,战略反攻与三大战役,76,乱码,把刘邓大军挺进大别山批下时间误记为1949年；混淆三大战役各自的发起纵队与作战方向；误认为战略反攻发生在三大战役之后；遗漏三大战役基本消灭国民党军队主力这一点；把三大战役放在渡江战役之后来记,typical_errors “挺进大别山批下时间”中“批下”为错字，应为“的时间”,,
YY_WY_G1_B1_U2_012,英语,识别语言中的词义多变,76,example,"[仿题]course 有时指课程有时表当然。
解析：course 多义，依语境选义，如 the course of study 表示课程。",example 题干“course 有时指课程有时表当然”不是完整例句而是说明文字；typical_errors 第3条表述含混,,
YY_WY_G1_B3_U5_008,英语,挑战与克服困难词汇,76,typical_errors,把determination误写成determined，词性混淆；overcome过去式写成overcomed，未熟记变化；obstacles单复数理解不当，误丢复数后缀,typical_errors 第1条“把determination误写成determined，词性混淆”表述不清（determined 并非 determination 的拼写错误）,,
YY_WY_G1_B5_U3_008,英语,数字智能技术词汇,76,typical_errors,把smartphone漏掉拼接为smartphoneer；把automate误拼成automatee漏e；把AI缩写与人工智能全称混用不清,typical_errors 第1条“把smartphone漏掉拼接为smartphoneer”表述不清,,
YY_WY_G1_B7_U5_001,英语,综合运用多种从句,76,乱码,把定语从句误当成名词性从句理解；状语从句与宾语从句的功能混淆；多从句并存时快速跳跃导致目不接,typical_errors 第3条“多从句并存时快速跳跃导致目不接”出现生造词“目不接”,,
LS_G1_B1_GM_004,历史,中共一大与共产党成立,78,keywords,1921；上海；嘉兴南湖；南湖游船；四大会,keywords 含“四大会”，语义不明且与本知识点无关，疑为“中共一大”之误,,
LS_G1_B1_MRJ_006,历史,北方民族交融的表现,78,乱码,把民族交融理解成单方面的汉化，忽略双向借鉴；空讲交融很重要，却举不出具体表现或事例；误以为民族交融只在北方发生，忽略与江南开发的关联；把内迁的鲜卑、氏族等主体混为一谈,typical_errors “内迁的鲜卑、氏族等主体”中“氏族”应为“氐族”（五胡之一），系错字,,
YW_G1_B1_CYJJ_006,语文,词语搭配与语言得体,78,typical_errors,动宾搭配不当，如“扩大水平”“改善缺点”；敬谦辞用反，对长辈用“拜读”等不当之辞；语体不当，正式场合混入口语或相反,typical_errors 举例不当：把“对长辈用‘拜读’”当作“敬谦辞用反”的反例有误，“拜读”是阅读对方作品时的谦辞，用于长辈实为正确用法，不能作为不当用例,,
YW_G1_B5_XDXG_004,语文,《再别康桥》的意象与音乐,78,example,"[仿题]简述新诗“三美”主张。
解析：音乐美、绘画美、建筑美，讲求韵律、色彩与整饬。",example 与知识点略偏：“三美”（音乐美、绘画美、建筑美）是闻一多的新诗主张，example 转向简述“三美”主张，偏离本条“《再别康桥》的意象与音乐”；explanation 也未点明“三美”出自闻一多,,
YY_WY_G1_B1_U1_009,英语,名词变形容词的词形变化,78,乱码,需要形容词修饰名词时仍用名词原形造成词性错误；把 friendly 误拼成 friendful 叠加错误后缀；单词转化时未注意字母等拼写细节而写错词形,typical_errors 第3条“单词转化时未注意字母等拼写细节而写错词形”空泛，未指向具体错误动作,,
HX_G1_B5_GFZ_005,化学,合成橡胶的性质,78,example,"[仿题]天然橡胶的主要成分是？
解析：聚异戊二烯。",example 与知识点不匹配：知识点为'合成橡胶的性质'，example 却考'天然橡胶的主要成分',,
WL_G1_B1_XHZL_007,物理,弹簧中的胡克定律,78,typical_errors,把弹簧总长当形变量直接代入F=kx；遗漏弹性限度条件强行增大外力计算；拉压时劲度系数改变想当然认为前压后拉值不同；用mg而非合力判断弹簧形变造成错算,typical_errors 表述不清：'拉压时劲度系数改变想当然认为前压后拉值不同'语焉不详,,
WL_G1_B1_YDHL_001,物理,牛顿第一定律,78,typical_errors,把车子停下来的原因误判成没有推力而是摩擦力；错误认为物体运动需要力来维持才会一直动下去；将合力为零与不受力混为一谈当两个独立条件；忽略定律适用的前提是惯性参考系而非任意系,typical_errors 表述含混：'把车子停下来的原因误判成没有推力而是摩擦力'把错误结论与正确结论混写,,
WL_G1_B2_PTYD_014,物理,平抛神度偏角与位移偏角,78,乱码,平抛神度偏角与位移偏角,name 有错别字：'平抛神度偏角'应为'平抛速度偏角',,
WL_G1_B2_YZYD_018,物理,转盘临界滑动,78,乱码,[仿题]转盘上距心r处临界角速度由什么决定？解析：由重心即先比较静摩擦系数，令μmg等于mω方乘以r解ω。,example 解析表述混乱：'由重心即先比较静摩擦系数'语义不通,,
WL_G1_B6_RX_003,物理,热力学第一定律,78,typical_errors,把对外做功误当成W取正值；忘了把放出热量按负号代入；把Q與W的概念在公式中弄反,"typical_errors 用字不规范（""Q與W""混用繁体""與""）",,
WL_G1_B6_RX_010,物理,能量守恒定律确立,78,example,[仿题]自由落体中mgh初始等于下落过程什么量。[解析]相当于转化的动能与势能之和，总量守恒。,"example 解析空泛（""转化的动能与势能之和""表述含糊）",,
DL_RJ_G1_B1_DM_004,地理,风沙地貌的类型,80,prerequisites,DL_RJ_G1_B1_DM_001,prerequisites 硬凑：前置引用为喀斯特地貌（流水溶蚀），与本条风沙地貌（风力侵蚀/堆积）不相关,,
DL_RJ_G1_B1_DM_005,地理,冰川地貌的类型,80,prerequisites,DL_RJ_G1_B1_DM_001,prerequisites 硬凑：前置引用为喀斯特地貌（流水溶蚀），与冰川地貌（冰川刨蚀/堆积）不相关,,
DL_RJ_G1_B1_DM_006,地理,地貌观察的方法,80,prerequisites,DL_RJ_G1_B1_DM_001,prerequisites 硬凑：前置引用为喀斯特地貌，与地貌观察方法无知识承接关系,,
DL_RJ_G1_B1_DM_007,地理,海岸地貌的类型,80,prerequisites,DL_RJ_G1_B1_DM_001,prerequisites 硬凑：前置引用为喀斯特地貌（流水溶蚀），与海岸地貌（海浪侵蚀/堆积）不相关,,
DL_ZT_G1_B2_GTKF_005,地理,生态保护与修复,80,prerequisites,DL_ZT_G1_B2_GTKF_003,prerequisites 硬凑：前置引用为海洋国土的开发，与本条陆地生态保护修复（植树造林、治理水土流失）不相关,,
YY_WY_G1_B1_U5_012,英语,定语从句与主句的衔接,80,example,"[仿题]生活中国的熊猫很可爱。
解析：The panda, which lives in China, is lovely，从句紧随主句。",example 题干“生活中国的熊猫很可爱”漏字，应为“生活在中国”，题干中文不通顺,,
SX_B_G1_B6_GLTJ_001,数学,条件概率的求法,80,prerequisites,SX_B_G1_B6_GLTJ_003,prerequisites 引用不当：把后置条目 GLTJ_003（相互独立事件乘法公式）列为前置，依赖方向颠倒,,
WL_G1_B1_XHZL_002,物理,力的图示与示意图,80,乱码,[仿题]用2N的图示表示5N的力应画多长？解析：标度取2N每长度单位，故实际画2.5个单位长度。解析完毕。,example 含'解析完毕'残留,,
WL_G1_B1_XHZL_003,物理,重力大小与方向,80,乱码,[仿题]在月球表面称得某物体重为地球上的六分之一，其质量是否变化？解析：质量是物体固有属性不变，重力与g有关。解析完毕。,example 含'解析完毕'残留,,
WL_G1_B1_XHZL_012,物理,摩擦方向与运动判断,80,乱码,[仿题]皮带加速，木块相对皮带向后滑，摩擦方向如何？解析：阻碍相对向后滑动，摩擦力向前。解析完毕。,example 含'解析完毕'残留,,
WL_G1_B1_XHZL_018,物理,正交分解法,80,乱码,[仿题]力F=10N与x轴成30°，求其x分量。解析：x分量=Fcos30°=8.66N，方向沿x轴。解析完毕。,example 含'解析完毕'残留,,
WL_G1_B1_XHZL_023,物理,摩擦角与临界问题,80,乱码,[仿题]物块μ=0.5，求恰好下滑的斜面角θ。解析：临界tanθ=μ=0.5，θ=arctan0.5。解析完毕。,example 含'解析完毕'残留,,
WL_G1_B1_YDMS_001,物理,质点的概念与适用条件,80,keywords,质点；理想模型；忽视大小形状；参照系,keywords 跑题：'参照系'与本条'质点'知识点无关,,
WL_G1_B2_PTYD_008,物理,抛体运动的概念与分类,80,乱码,[仿题]抛体运动的加速度有何特点？解析：加速度恒为重力加速度g，方向竖直向下，大手恒定。,example 解析有错别字：'大手恒定'应为'大小恒定',,
WL_G1_B2_WYYL_003,物理,开普勒第三定律,80,乱码,[仿题]两颗行星轨道半长轴之比为4比1，求它们的公转周期之比。解析：由半长轴一方比T方等于常量，得周期之比为8比1。,example 解析有错别字：'半长轴一方比T方'应为'半长轴三次方比T平方',,
WL_G1_B3_DCGS_003,物理,磁通量Φ=BS,80,乱码,[仿题]面积0.5m²、B=0.4T且垂直，求Φ钢。[解析]Φ=BS=0.4×0.5=0.2Wb。,example 题干有错别字：'求Φ钢'应为'求Φ'，多出'钢'字,,
WL_G1_B3_DLJY_007,物理,伏安特性曲线与线性非线性,80,乱码,"[仿题]伏安特性为过原点直线的元件中央是什么？
解析：线性元件，电阻恒定，斜率为电流电压之比。",example 题干表述混乱：'元件中央是什么'语义不通,,
WL_G1_B3_DNNL_002,物理,电功率及其计算,80,乱码,[仿题]U=110V、I=0.5A，求电功率。解析：P=UI=110×0.5=55W。解析完毕。,example 含'解析完毕'残留,,
WL_G1_B3_DNNL_003,物理,焦耳定律与焦耳热,80,乱码,[仿题]R=10Ω、I=2A通电5s，求焦耳热。解析：Q=I2Rt=4×10×5=200J。解析完毕。,example 含'解析完毕'残留,,
WL_G1_B3_DNNL_007,物理,串并联电功率分配,80,乱码,[仿题]两个电阻串联，R1=2Ω、R2=4Ω，谁的功率大？解析：串联P与R成正比，R2功率大。解析完毕。,example 含'解析完毕'残留,,
WL_G1_B3_DNNL_008,物理,电动势的概念理解,80,乱码,[仿题]电源把1C正电荷非静电力做功5J，求电动势。解析：E=W非/q=5/1=5V。解析完毕。,example 含'解析完毕'残留,,
WL_G1_B3_DNNL_009,物理,电源内阻与内电路,80,乱码,[仿题]内阻r=1Ω，回路电流I=2A，求内电压。解析：内电压U内=Ir=2V。解析完毕。,example 含'解析完毕'残留,,
WL_G1_B3_DNNL_010,物理,闭合电路欧姆定律,80,乱码,[仿题]E=9V、R=8Ω、r=1Ω，求回路电流。解析：I=9/(8+1)=1A。解析完毕。,example 含'解析完毕'残留,,
WL_G1_B3_DNNL_011,物理,路端电压与电流关系,80,乱码,[仿题]E=12V、r=2Ω、I=1.5A，求路端电压。解析：U=12-2×1.5=9V。解析完毕。,example 含'解析完毕'残留,,
WL_G1_B3_DNNL_012,物理,电源的总功率,80,乱码,[仿题]E=6V、I=1A，求电源总功率。解析：P总=EI=6×1=6W。解析完毕。,example 含'解析完毕'残留,,
WL_G1_B3_DNNL_013,物理,电源的内耗功率,80,乱码,[仿题]r=2Ω、I=3A，求内耗功率。解析：P内=I2r=9×2=18W。解析完毕。,example 含'解析完毕'残留,,
WL_G1_B3_DNNL_014,物理,电源的输出功率,80,乱码,[仿题]U=8V、I=2A，求电源输出功率。解析：P出=UI=8×2=16W。解析完毕。,example 含'解析完毕'残留,,
WL_G1_B3_DNNL_015,物理,电源的效率计算,80,乱码,[仿题]外电阻R=9Ω、内阻r=1Ω，求效率。解析：η=9/(9+1)=90%。解析完毕。,example 含'解析完毕'残留,,
WL_G1_B3_DNNL_016,物理,输出功率最大条件,80,乱码,[仿题]E=8V、r=4Ω，求外阻为何值时输出功率最大。解析：外阻调至R=r=4Ω，最大值为8²/(16)=4W。解析完毕。,example 含'解析完毕'残留,,
WL_G1_B3_DNNL_017,物理,滑动变阻器动态分析,80,乱码,[仿题]变阻器阻值调大，与它串联的电流读数如何变？解析：串反，电流读数减小。解析完毕。,example 含'解析完毕'残留,,
WL_G1_B3_DNNL_019,物理,欧姆调零与倍率选择,80,乱码,[仿题]指针示数30、倍率×100，求实测电阻。解析：R=30×100=3000Ω。解析完毕。,example 含'解析完毕'残留,,
WL_G1_B3_DNNL_020,物理,多用电表测电动势,80,乱码,[仿题]U-I图纵轴截距6V、斜率1，求电动势内阻。解析：E为截距6V，r为斜率绝对值1Ω。解析完毕。,example 含'解析完毕'残留,,
WL_G1_B3_DNNL_022,物理,能源与能量转化应用,80,乱码,[仿题]输入电能100J，其中30J转化为热，求转化效率。解析：η=70/100=70%。解析完毕。,example 含'解析完毕'残留,,
WL_G1_B3_JCDN_013,物理,电容的概念,80,乱码,[仿题]电容器C=2μF，加3V电压时带电多少？解析：Q=CU=2×3=6μC。解析完毕。,example 含'解析完毕'残留,,
WL_G1_B3_JCDN_017,物理,带电粒子加速问题,80,乱码,[仿题]静止粒子经电压U加速，求末速度表达式。解析：qU=mv²/2，解得v=√(2qU/m)。解析完毕。,example 含'解析完毕'残留,,
WL_G1_B4_DLSC_001,物理,动量概念与矢量性,80,乱码,[仿题]1kg物体以3m/s向东运动，动量多大？解析：p=mv=3kg·m/s，方向向东。解析完毕。,example 含'解析完毕'残留,,
WL_G1_B4_DLSC_010,物理,完全弹性碰撞,80,乱码,[仿题]质量相等两球弹性对心碰，碰后速度如何？解析：动量动能皆守恒，两球速度交换。解析完毕。,example 含'解析完毕'残留,,
WL_G1_B5_CGQ_002,物理,传感器基本组成环节,80,乱码,[仿题]光敏传感器三部分作用顺序是什么？解析：先感受光照，再转换，最后电路输出信号。解析完毕。,"example 含模板残留""解析完毕""",,
WL_G1_B5_CGQ_005,物理,光敏电阻的特性,80,乱码,[仿题]光照增强时光敏电阻阻值及电流如何变？解析：阻值变小，同电压下其电流随之增大。解析完毕。,"example 含模板残留""解析完毕""",,
WL_G1_B5_DCZD_001,物理,LC电路的充放电过程,80,乱码,[仿题]LC回路电容刚放电瞬间，电流如何变化？解析：电流从零逐渐增大，线圈储能渐增。解析完毕。,"example 含模板残留""解析完毕""",,
WL_G1_B5_DCZD_002,物理,振荡电流与方向判定,80,乱码,[仿题]充完电瞬间电路电流是最大还是零？解析：充电完毕电流为零，随后反向开始振荡。解析完毕。,"example 含模板残留""解析完毕""",,
WL_G1_B5_DCZD_005,物理,LC振荡周期公式,80,乱码,[仿题]L、C均不变，只增大充电电压，周期变吗？解析：周期与电量电压无关，保持不变。解析完毕。,"example 含模板残留""解析完毕""",,
WL_G1_B5_DCZD_006,物理,电磁振荡的频率,80,乱码,[仿题]要使振荡频率增大应如何调电容？解析：频率与LC成反比，应减小电容。解析完毕。,"example 含模板残留""解析完毕""",,
WL_G1_B5_DCZD_007,物理,振荡电流的图像分析,80,乱码,[仿题]正弦振荡电流何时磁场能最大？解析：电流达峰值时线圈磁场能最大。解析完毕。,"example 含模板残留""解析完毕""",,
WL_G1_B5_DCZD_008,物理,电荷量与电流的关系,80,乱码,[仿题]电荷量最大时电路电流多大？解析：放电刚开始电流为零，随后才增大。解析完毕。,"example 含模板残留""解析完毕""",,
WL_G1_B5_DCZD_009,物理,麦克斯韦电磁场理论,80,乱码,[仿题]均匀变化的电场产生怎样的磁场？解析：产生稳定即非变化的磁场。解析完毕。,"example 含模板残留""解析完毕""",,
WL_G1_B5_DCZD_011,物理,变化的电场产生磁场,80,乱码,[仿题]周期性变化的电场能激发什么场？解析：同步周期变化产生相应的磁场。解析完毕。,"example 含模板残留""解析完毕""",,
WL_G1_B5_DCZD_012,物理,电磁波的产生条件,80,乱码,[仿题]电磁波传播需要介质吗？解析：不需要，可在真空与不同介质中传播。解析完毕。,"example 含模板残留""解析完毕""",,
WL_G1_B5_DCZD_013,物理,电磁波的传播特点,80,乱码,[仿题]电磁波在真空中的传播速度是多少？解析：等于光速约3×10^8米每秒。解析完毕。,"example 含模板残留""解析完毕""",,
WL_G1_B5_DCZD_014,物理,电磁波波速与频率波长,80,乱码,[仿题]c=3×10^8m/s，f=10^8Hz，求波长。解析：λ=c/f=3m。解析完毕。,"example 含模板残留""解析完毕""",,
WL_G1_B5_DCZD_015,物理,电磁波谱的组成,80,乱码,[仿题]电磁波谱中频率最高的是哪个波段？解析：伽马射线频率最高波长最短。解析完毕。,"example 含模板残留""解析完毕""",,
WL_G1_B5_DCZD_016,物理,电磁波谱的应用,80,乱码,[仿题]验钞常利用哪种电磁波？解析：利用紫外线能使荧光物质发光。解析完毕。,"example 含模板残留""解析完毕""",,
WL_G1_B5_DCZD_017,物理,电磁波的发射过程,80,乱码,[仿题]要使振荡电路有效发射电磁波需怎样改造？解析：提高频率并用开放天线电路。解析完毕。,"example 含模板残留""解析完毕""",,
WL_G1_B5_DCZD_018,物理,调制与调幅调频,80,乱码,[仿题]调幅是让载波哪个特征量随信号变化？解析：让载波振幅随低频信号变化。解析完毕。,"example 含模板残留""解析完毕""",,
WL_G1_B5_DCZD_019,物理,电磁波的接收与解调,80,乱码,[仿题]收音机换台靠哪一步选出电台？解析：调谐使回路频率与载波频率谐振选出。解析完毕。,"example 含模板残留""解析完毕""",,
WL_G1_B5_DCZD_020,物理,无线电波的波段划分,80,乱码,[仿题]短波主要靠什么进行远距离传播？解析：靠电离层反射使信号传向远方。解析完毕。,"example 含模板残留""解析完毕""",,
WL_G1_B5_DCZD_021,物理,雷达测距的应用,80,乱码,[仿题]雷达检测往返用2×10^-4秒，目标距雷达多远？解析：距离=c×t/2=3×10^4m。解析完毕。,"example 含模板残留""解析完毕""",,
