id,学科,知识点,置信度,问题描述,定义原文,详解原文,修正后定义,验收结果
ZZ_G1_B3_MZ_004,政治,多党合作和政治协商制度,35,definition 知识性错误：多党合作和政治协商制度是基本政治制度，误写为根本政治制度；且与自身 typical_errors（把多党合作制度误写为根本政治制度，忽略是基本政治制度）自相矛盾（definition 把我国的一项基本政治制度误写成根本政治制度（根本政治制度只有人民代表大会制度），属于主体/制度定位讲错，学生直接看会被误导。）,中国共产党领导的多党合作和政治协商制度是我国的根本政治制度安排之一。,中国共产党领导的多党合作和政治协商制度是我国的基本政治制度。你要掌握：中国共产党是执政党，各民主党派是参政党；基本方针是长期共存、互相监督、肝胆相照、荣辱与共；人民政协是社会主义协商民主的重要渠道和专门协商机构。答题常考这一制度的地位、方针和政协职能。,,
YY_WY_G1_B3_U3_004,英语,含复合宾语的被动语态,40,prerequisites 引用“YY_WY_G1_B3_U4_001”与本条无关：本条在 Unit 3，引用的却是 Unit 4（Amazing Art）的知识点，明显硬凑/错误（prerequisites 引用了不同单元、完全无关的前置知识点）,原句宾语加宾补的结构变成被动时，宾补保留在主语之后的句式。,当主动句是主语加谓语加宾语再加宾语补足语的结构时，变成被动后宾语补足语要保留。make、see、hear、have这些动词接宾补分不带to和带to两种情况，变成被动后原来省略的不定式to要还原，如seesbdo变成beseeentodo。你注意to的还原这个细节，考试最容易在这类题上丢分。,,
YY_WY_G1_B3_U6_001,英语,现在分词表伴随动作,40,example “She left ___ a smile”解析填 with，但知识点讲的是现在分词作伴随状语，答案却是介词 with，与本条知识点完全不符（example 答案与知识点主题严重不符）,用现在分词短语表示与主句动作同时发生的伴随状态或方式的用法。,现在分词作伴随状语，描述主语做主要动作的同时还伴随的另一个动作，比如She sat there reading a book表示她坐着的同时在看书。这类结构主语必须一致，现在分词表示主动进行。判断时要看它和主语是主动还是被动关系，再决定用现在分词还是过去分词。,,
WL_G1_B3_DNNL_018,物理,多用电表欧姆挡原理,40,explanation 知识性错误：'指针越向右电阻越大'说反（右端为零刻度），与同条'电流越大电阻越小'自相矛盾；example 解析错误：'靠右电流小、电阻大，刻度从左到右增大'与欧姆表实际刻度方向相反（欧姆表刻度方向解释与例子均写反，属知识性错误）,欧姆挡内接电池和表头，由电流大小标定被测电阻。,多用电表的欧姆挡是一个简单闭合电路，内部由电池、表头内阻和调零电阻串联组成，表笔短接外部电阻为零时电流最大，指针最右摆，标为欧姆零刻度。你要理解，接上待测电阻R后，回路电流由I=E/(R+R内)决定，因此电流越大说明被测电阻越小，指针偏转就越大，据此在表盘上标出电阻值。正是这层关系决定了欧姆挡刻度左密右疏、指针越向右电阻越大，读数前都要先调零。,,
WL_G1_B5_DCGY_020,物理,导体棒运动的收尾速度,40,"example 含乱码（""Anonym""为未替换占位符）（解析中出现未处理的占位符文字）",导体棒在平衡时达到的恒定终端速度。,导体棒在磁场中受恒力作用时，随速度增大感应电动势与安培力也逐渐增大，当安培力与外力的合力为零时，棒的加速度为零，此后以恒定速度运动，这个速度叫收尾速度。你求收尾速度的方法是：令加速度a=0，写出受力平衡方程，再把安培力与速度关联即可解出。把握好“速度越大安培力越大”这一正反馈关系，你就明白为什么最终会稳定，也能借此快速判断另一类受外力突然变化问题的最终状态。,,
LS_G1_B1_MQ_004,历史,明朝对边疆的治理,45,explanation 将“乌思藏宣慰司”归为明朝西藏机构有误，该机构属元朝；明朝在西藏设的是“乌思藏都司”“朵甘都司”；definition “卫所机机构”多一“机”字，应为“卫所机构”；example 解析沿用错误的“乌思藏宣慰司”，与题目知识点不符（机构名张冠李戴（元朝机构误作明朝），另有错字）,明朝设卫所机机构、册封土司、互市通贡，加强对东北和西藏等边疆的治理。,明朝疆域广大，你要记住它治理边疆的几处重点：东北设奴儿干都司加强管辖；西藏设乌思藏宣慰司等机构；对蒙古则采取分化、互市、筑长城等办法。明政府治理边疆多用册封、设官府、通贡互市的组合拳，跟单纯武力征服不同，你考试时可结合具体事例判断属于哪类措施。总体看明朝对边疆的控制比元朝相对减弱，但仍处统一多民族国家继续发展的阶段。,,
LS_G1_B1_MQ_010,历史,清朝对西藏的管辖,45,explanation “康熙时期册封五世达赖为达赖喇嘛”史实有误，册封五世达赖的是顺治帝（1653年），非康熙；typical_errors “混淆设驻藏大臣与金瓶掣签两个政的帝王阶段”中“两个政”为错字，应为“两个政策/制度”（皇帝张冠李戴（顺治误作康熙））,清朝册封达赖班禅、设置驻藏大臣、实行金瓶掣签，确立对西藏的管辖方式。,你要记住清廷治理西藏的几件标志性做法。康熙时期册封五世达赖为达赖喇嘛，此后历世达赖、班禅须经清政府册封；雍正时正式设立驻藏大臣，代表中央在拉萨督办西藏事务；到乾隆又确立金瓶掣签制度确定转世灵童。你把这套册封与驻藏大臣与金瓶掣签记成一个体系，理解它让中央对西藏的控制越来越直接制度化，这些措施共同说明清廷对西藏行使着现实管辖。,,
YY_WY_G1_B1_U4_010,英语,表达支持与陪伴的动词,45,typical_errors 第3条“鼓励 encourage 后误接 to do 并用错补足结构”是知识性错误：encourage sb to do sth 本来就是正确搭配，把正确用法当成错误（typical_errors 讲错固定搭配，属知识性错误）,描述朋友在困难时给予支持陪伴所用动词的用法。,你想要对方朋友支持与陪伴时可用 support、stand by 支持陪伴、encourage 鼓励、accompany 陪同等动词。比如 he always encourages me 表示他总是鼓励我。表示一直在你身边可说 stay by your side。写朋友间守望相助的表达时说 he offered me great support 更为地道自然。,,
YY_WY_G1_B3_U4_011,英语,艺术评论主观句式,45,typical_errors 第1条“把in my view误写成in my opinion混搭使用”是知识性错误：in my opinion 本身是正确的常用表达，不该当错误（typical_errors 把正确表达当成错误）,用I think、In my view等表达对作品主观评价的常用句型。,"表达个人评价多用I think、In my view、to me这样的介词短语放在句首，后接评价内容。比如In my view, the painting is moving。先给出观点，再用because补充理由，评价更扎实。用in my view这类表达引导，观点和事实分开呈现，评论逻辑就更清晰了。",,
YY_WY_G1_B3_U5_006,英语,过去分词独立成分用法,45,explanation 把“generally speaking”列为过去分词独立成分，但 generally speaking 是现在分词，与“过去分词”主题矛盾（explanation 分词类型归类错误，属知识性错误）,一般说来从句、已固定语块等过去分词作独立解释性成分的惯用法。,有些过去分词短语已成为固定独立成分，不能机械套主语规则，如generally speaking、compared with、given that等。你记这类时先当成整体搭配记牢，尤其compared with表比较、given that表考虑到。做题时若遇到这些固定语块形的分词，优先按固定含义处理而不是死抠被动。,,
YY_WY_G1_B3_U6_004,英语,现在分词作原因状语,45,"example “___ about it, she called me”解析填 Worried（过去分词），但本条讲的是现在分词作原因状语，分词形式用反（example 分词形式与知识点主题矛盾）",用现在分词短语说明主句动作发生的原因，相当于because引导从句的省略。,"现在分词作原因状语常替代because或since从句，如Being late, he missed the bus。分词表主动进行，逻辑主语是主句主语。判断时先确定主语与动词是主动关系，再看是否表达原因前提。理解原因关系后，你能把冗长的从句简化为精炼的分词短语，作文增色不少。",,
YY_WY_G1_B5_U5_005,英语,there be句型的主谓一致,45,example “There ___ mangoes and an apple”中紧挨空格的最近名词是 mangoes（复数），应填 are，但解析称“最近名词是 apple 单数故选 is”，主谓一致讲错（example 就近原则判断错误，属知识性错误）,there be 后接多个并列名词时，be 动词与最近的一个名词保持一致。,there be 是一种特殊的倒装结构，真正的主语在 be 后面。当后面有几个并列名词时，be 只跟最近的那个对齐。比如 There is a pen and two books 中，最近的是单数 a pen，所以用 is。你先看 be 后面紧挨着的名词是单数还是复数，再决定谓语形式，这类题就能稳拿分。,,
SW_G1_B3_MYTJ_002,生物,免疫系统的三大功能,45,explanation 知识性错误：把免疫防御功能说成'机体第一道防线'，混淆'免疫系统三大功能'与'三道防线'两个概念体系（免疫防御是三大功能之一而非第一道防线，概念混淆）,免疫系统具有免疫防御、免疫监视和免疫自稳三大功能。,免疫系统的三大功能你记清楚：免疫防御，抵抗病原体的入侵，是机体第一道防线；免疫监视，识别和清除体内突变的细胞，防止肿瘤发生；免疫自稳，清除衰老、损伤或异常的细胞，维持内环境稳定。答题常考三大功能的区分，如清除衰老细胞属于免疫自稳，监控癌细胞属于免疫监视。,,
WL_G1_B3_DNNL_006,物理,非纯电阻电路与电动机,45,example 计算错误：P出=UI-I²R=48×2-4×4=80W，解析误写为64W（电动机输出功率计算错误，应为80W而非64W）,非纯电阻电路电功大于电热，部分电能转化为机械能。,电动机、充电器等既有电阻又要输出机械能或储存化学能的器件构成非纯电阻电路，此时欧姆定律不再适用。你要记牢这个核心关系：电功W=UIt大于电热Q=I2Rt，差出来的那部分就是输出的机械能。计算时总功用UI算，发热只能用I2R算，绝对不能用U2/R来代发热量，因为这里的电压并不等于IR。抓住电功扣除电热等于其他能这条主线，很多电动机题就能迎刃而解。,,
WL_G1_B4_GX_008,物理,光的色散与棱镜,45,"explanation 有知识性错误（""紫光红率最高""应为""紫光频率最高""）（""红率""是明显错字，且与同句""红光频率最低""前后矛盾）",复色光经棱镜两次折射后按频率高低分散成单色光带，叫光的色散。,你观察白光通过三棱镜就能看到七色光带，这就是色散。原因是棱镜对不同频率的光折射率不同，紫光红率最高因而偏折最大，红光频率最低偏折最小。光经过棱镜的两个折射面都偏向棱镜底边方向，所以你把出射光方向与入射光方向比较，会看出不同颜色的光偏折角度各不相同。色散的本质是介质折射率随频率变化，你要用它说明为什么白光能被分解，以及哪些光偏折更明显。,,
WL_G1_B5_DCGY_003,物理,磁通量的概念,45,example 解析知识性错误（30°角应取sin30°而非sin60°）（线圈与磁场成30°角，磁通量应为BScos60°=BSsin30°，解析写成BSsin60°）,穿过某一面积的磁感线的条数叫磁通量。,磁通量Φ等于磁感应强度B与面积S在垂直于磁场方向上投影的乘积，即Φ=BScosθ，它描述的是穿过某面积的磁感线条数。你要特别注意磁通量是标量，但有正负之分，正负只表示磁感线从哪一侧穿过，并不代表方向。当面积与磁场平行时，穿过它的磁通量为零。计算磁通量时你要先确定磁场方向与面积法线方向的夹角，再代入公式运算。,,
HX_G1_B3_DN_009,化学,金属的防护,48,example 解析有知识性错误：把被保护金属（船体）写成'负极'，又与括号里的'阴极'自相矛盾，牺牲阳极保护法中被保护金属应作正极（阴极）（牺牲阳极保护法中被保护金属作正极（阴极）、锌块作负极（阳极），解析把船体写成'负极'且与'阴极'矛盾，会误导学生。）,通过覆盖保护层、牺牲阳极保护法等方法防止金属腐蚀。,金属防护的思路是阻止金属与腐蚀介质接触或改变金属电极状态。你要掌握常用方法：覆盖保护层（油漆、镀层）；牺牲阳极保护法（连接更活泼的金属作负极，如船体连锌块）；外加电流阴极保护法（将被保护金属作阴极）；改变金属组成（制成合金）。答题常考牺牲阳极保护法的原理和应用。,,
SX_B_G1_B6_GLTJ_005,数学,离散型随机变量的均值,48,explanation 知识性错误：把期望符号 E(X) 误写成 E除以X，学生会被误导（期望记号 E(X) 被解释成 E除以X，属知识性错误）,均值等于各取值乘对应概率后的累加，表示随机变量的平均取值水平。,均值（期望）衡量随机变量'平均会取到什么值'。公式是每个取值乘其概率再求和，符号记作E除以X。你把分布列表格里的取值与概率两列对应相乘再累加即可。常见套路：某些题会给出变换如新的随机变量等于aX加b，此时均值也做同样线性变换E(aX加b)等于aE(X)加b。算均值前先确保分布列完整，否则求和会偏。,,
WL_G1_B6_RX_020,物理,卡诺循环与卡诺效率,48,"definition 有知识性错误（""理想逆循环""应为""理想可逆循环""）（卡诺循环是正循环/可逆循环，写成""逆循环""概念错误）",卡诺循环是只与两个恒温热源换热的理想逆循环。,卡诺循环由两个等温过程与两个绝热过程交替组成，只与高温和低温两个恒温热源交换热量，是理想的理想热机循环。卡诺效率η＝1－T2／T1，仅由两个热源的温度决定，并且是所有工作在同温度热源间的热机中效率最高的。你需要理解，温度差越大卡诺效率越大，但即使理想循环，只要T2高于绝对零度，效率仍小于1。这一结果从理论上说明效率百分之百不可能实现。,,
YY_WY_G1_B3_U2_003,英语,过去虚拟的委婉假设反思,50,"example “If we had acted earlier, damage would be smaller”主句时态错误：与过去事实相反的虚拟，主句应为 would have been smaller（example 主句虚拟时态讲错，属知识性错误）",用与过去相反的虚拟条件句表达对过去选择的反思与假设。,"你想反思过去可改变的瞬间时用与过去相反的虚拟句，如 If we had acted earlier, the damage would have been smaller 表示若早点行动损失会小些。它常用来表达遗憾、假设与吸取教训。写公益行动后的反思作文时用这类虚拟句，谦逊表达你从经历中的收获。",,
SW_G1_B3_NHJW_004,生物,内环境理化性质,50,explanation 知识性错误：血浆pH缓冲对写成'碳酸氢钠、碳酸钠'，应为'碳酸、碳酸氢钠'（缓冲对成分写错，且与自身example的'碳酸氢钠与碳酸'矛盾）,内环境理化性质包括渗透压、酸碱度和温度，正常血浆pH为7.35至7.45。,内环境的理化性质你记三个指标：渗透压，大小主要与无机盐和蛋白质含量有关，血浆渗透压主要来自钠离子和氯离子；酸碱度，血浆pH维持在7.35至7.45，依靠缓冲物质如碳酸氢钠、碳酸钠来调节；温度，人体正常体温维持在37摄氏度左右。答题常考渗透压的主要来源以及pH维持稳定的机制。,,
WL_G1_B5_APLL_013,物理,圆周运动轨迹半径,50,"typical_errors 公式错误（r=qvB/m 应为 mv/qB）；typical_errors 语句不通（""洛化变形""）（错误项本身把半径公式写反且含乱码）",带电粒子垂直射入匀强磁场做匀速圆周，半径r等于mv比qB。,当带电粒子以速度v垂直射入匀强磁场，洛伦兹力提供向心力，粒子做匀速圆周运动。由向心力公式qvB等于m乘以v方比r，化简你就得到轨道半径r等于mv比qB。这个公式清楚显示半径正比于动量mv，反比于电荷量与磁感应强度的乘积qB。你据此可知速度越大的粒子半径越大，比荷越大半径越小。记住半径公式是求解粒子在各磁场中偏转轨迹长度乃至几何边界的基本工具，几乎每一道圆周题都要用到。,,
YY_RJ_G1_B1_U4_006,英语,非限制性定语从句特征,55,explanation 有知识性错误：'指人也通常不用 who 用 whom'——非限制性定语从句指人作主语应用 who；示例'小明迟到了…用 which'表述也混乱（explanation 关于非限制性从句关系词选用讲错，属语法知识性错误。）,掌握用逗号隔开、补充说明先行词且不能用 that 的非限制性从句。,非限制性定语从句用逗号与主句隔开，只做补充说明，去掉也不影响句意，比如 The typhoon，which hit the coast，caused great damage。它的关键特征是关系代词不能用 that，指人也通常不用 who 用 whom。你要根据是否加逗号判断句式，同时记住 which 在这里可指代整个句子，比如小明迟到了，这让大家很担心用 which。,,
YY_WY_G1_B2_U2_007,英语,不可数名词节日的量表达,55,explanation 举例“some decorations 表一些装饰”与知识点矛盾：decorations 是可数名词复数，并非不可数名词，示例与定义冲突（explanation 示例与“不可数名词”主题矛盾）,不可数名词在节日语境下依量词表达数量与程度的规则。,你在节日话题常遇到不可数名词，如 news、information、rubbish 等，它们不能加 s，也不能用 a 直接限定，需要用量词或其他手段表达数量。比如 some decorations 表一些装饰。节日语境注意不可数名词与 a lot of、much 搭配。写庆祝活动清单时按名词可数性选择量词。,,
YY_WY_G1_B4_U3_006,英语,独立主格逻辑主谓关系,55,"example “Her arms ____, she waved”解析称“手臂举起主动填 raised”，但 raised 是过去分词表被动（手臂被举起），主被动判断错误（example 解析主被动判断错误）",判断独立主格逻辑主语与其成分间的主动或被动关系的原则。,"独立主格中，逻辑主语与第二个部分之间也存在主被动关系。若逻辑主语主动发出动作，则分词用ing；若是承受者，则用过去分词，比如His leg broken, he couldn't run。你先把逻辑主语找出来，再看它与分词的关系，从而确定采用ing还是过去分词。",,
SX_A_G1_B2_LTJH_004,数学,用斜二测画法画直观图,55,explanation 关于斜二测哪一轴取半前后矛盾（先说y轴取半，又说竖直方向不变）；typical_errors 有知识性错误：实际只有横轴方向取半，应为纵轴(y轴)取半（斜二测取半的轴被前后讲混，会误导学生画图与求面积）,用夹角为45°或135°的斜坐标系，保持横向不变、纵向取半来画立体图形的直观图。,你画斜二测直观图时，先把原图形放在直角坐标系里，再把它转化成夹角为45°或135°的斜坐标系。原来的x轴方向长度保持不变，y轴方向长度取原来的一半，竖直方向保持不变。还原图像时方向别搞反，求原图形的长度或面积时要记得把半长还原成原长，涉及面积倍数时更要谨慎，尺度和方向一错整道题就全错了。,,
WL_G1_B5_DCGY_002,物理,产生感应电流的条件,55,"example 题干不完整（解析引用""选D""但题干无选项）（题干未给出选项，解析却出现""故选D""，题干与解析不对应）",回路闭合且穿过回路的磁通量发生变化。,产生感应电流需要同时满足两个条件：一是回路必须闭合，二是穿过回路的磁通量发生变化，二者缺一不可。你需要对“磁通量变化”做全面理解，它既可以来自磁感应强度B的变化，也可以来自有效面积S的变化，还可以来自回路在磁场中转动引起的夹角变化。判断时你先审视回路是否闭合，再从B、S、夹角三个角度检查磁通量是否改变，切勿把“有磁感线穿过”误当成了条件具备。,,
YY_RJ_G1_B3_U1_004,英语,-ing 与 -ed 定语选择,60,explanation 有知识性错误：'man-made 表程度深常加 very'——man-made 意为人造的，与程度无关（explanation 把 man-made 解释成表程度，属词义知识性错误。）,根据主被动关系，选择 -ing 或 -ed 形式作名词定语。,你判断用 -ing 还是 -ed 时，先找被修饰名词与动词的主被动。名词主动发出动作用 -ing，如 the exciting game；名词被该动作作用用 -ed，如 the excited spectators。man-made 表程度深常加 very。记住口诀：主动进行找 -ing，被动完成找 -ed，名词被动关系越明显越用 -ed。,,
YY_WY_G1_B3_U2_008,英语,过去完成时的公益回顾,60,example “we carried out it”语序错误，应为 carried it out（代词应放短语中间）（example 动词短语代词位置错误）,用过去完成时回顾公益行动中先发生的前序经历。,"你回顾公益活动时谈到某动作发生在过去另一动作之前，可用 had 加过去分词，比如 We had prepared, then carried out the plan 中 prepared 在前的已完成。它与虚拟句 had done 结构类似但表示陈述而非假设。写志愿回顾按时序用过去完成时交代前情，让叙述有先后层次。",,
YY_WY_G1_B3_U4_003,英语,there be完全倒装句型,60,explanation 先说“there be句是最典型的部分倒装”，又说“它是完全倒装的一种”，前后矛盾；there be 实为完全倒装（explanation 概念自相矛盾）,以there加be引导、谓语动词置于主语之前的完全倒装结构。,there be句是最典型的部分倒装，其实它是完全倒装的一种，谓语be置于主语之前，如there is a painting。there是引导词不译，真正主语是后面的名词。主语复数时be也要用复数，如there are paintings。你注意主谓一致和there的位置，这类题基本不会出错。,,
YY_WY_G1_B6_U1_011,英语,as if从句的虚拟语气,60,example “She spoke as if she ___ the truth”解析“假想不知情，用过去完成式填 had known”，但 as if + had known 表示她像知道真相，与“不知情”语义相反（example 解析语义讲反）,as if 后从句可用虚拟语气表不真实或假想。,as if 表示仿佛、就像，后面的从句常用虚拟语气来强调并非真实。与现在事实相反用过去式，比如 He talks as if he knew everything。有时也用陈述语气表较真实的比较。你判断时看内容是否真实，若是明显假想就选虚拟语气，语气与时态的选择直接反映作者的态度。,,
YY_WY_G1_B6_U6_006,英语,并列句中的省略规则,60,example “She sings well and I (do) too”解析“后半省略 plays 之类的重复部分”错误，应省略的是 sing/do，而非 plays（example 解析内容讲错）,并列句中相同的成分可省略避免重复。,并列句中如果两部分有重复的成分，后一部分可以省略。比如 He likes tea and I coffee，后半句省略了 likes。你写或分析并列句时，看到后半部分缺动词或缺宾语，往往是被省略了后半部分，实际与前文相同。理解省略的规则，阅读和翻译都更顺畅。,,
HX_G1_B5_DFC_005,化学,氨基酸的结构,60,definition 有知识性错误：'分子中碳原子数相同者互为同分异构体'表述不准确，同分异构体要求分子式相同而非仅碳原子数相同，且与氨基酸定义无关（定义前半句（含氨基和羧基）正确，但后半句关于同分异构体的表述错误、逻辑含糊，属硬加内容。）,氨基酸含氨基和羧基，分子中碳原子数相同者互为同分异构体。,氨基酸是组成蛋白质的基本单位。你要掌握：氨基酸分子中同时含氨基（-NH₂）和羧基（-COOH）；氨基酸既能与酸反应又能与碱反应，具有两性；天然蛋白质水解得到的氨基酸主要是α-氨基酸。答题常考氨基酸的官能团、两性，以及氨基酸通过脱水缩合形成多肽和蛋白质。,,
WL_G1_B4_JXB_001,物理,机械波的形成与传播,60,"typical_errors 语句不通顺（""随何时运作波路径前进""）（该错误项表述破碎，学生读不懂）",机械波是机械振动在介质中传播形成的。,机械振动在介质中传播就形成机械波，它由波源带动介质中相邻部分依次振动并传播开去。你要理解，波源附近质点先振动，再带动距它较近的质点，如此依次带动，形成向远处传播的波。波传播的是振动这种运动形式和振动的能量，介质本身并未整体迁移。判断是否形成机械波，关键看是否有波源以及是否有介质传递振动，二者缺一不可。,,
WL_G1_B5_APLL_002,物理,安培力的方向判断,60,"typical_errors 语句不通（""平行动画""疑为""平行""）（错误项出现无意义词汇）",安培力方向用左手定则判断，垂直于B与I决定的平面。,你判断安培力方向要用左手定则：伸开左手，让磁感线垂直穿入手心，四指指向电流方向，则大拇指所指方向就是安培力的方向。安培力方向总是与磁感应强度和电流两者所在的平面垂直，既垂直于B，又垂直于I。实际计算时你先弄清B的方向和I的方向，再按左手定则比划，特别注意安培力与B、I都垂直且作用沿导线方向之外。左手定则用对了，方向题你基本不会失分。,,
WL_G1_B5_APLL_017,物理,圆形边界磁场的运动,60,"typical_errors 语句不通（""放射性边界""应为""圆形边界""）（错误项出现与语境无关的词汇）",粒子射入圆形匀强磁场，轨迹圆弧与磁场边界圆保持相切关系。,当磁场边界是圆形区域，带电粒子在其中沿一段圆弧运动，这段轨迹圆的半径仍由mv比qB确定，但与磁场边界大圆存在相切或相交关系。你通常先把两个圆心和半径画出，利用两圆之间距离与半径的几何关系确定圆心角，再推出粒子在磁场中经过的路程、偏转角度和出射方向。分析时要注意粒子可能从射入点相对或相邻位置射出，务必结合半径大小判断圆弧能占到磁场的什么位置，几何作图是解题的关键。,,
YW_G1_B1_XWTX_008,语文,《插秧歌》比喻手法的赏析,62,definition 有知识性错误：“把插秧劳作比作织网、甲胄等”中的“织网”并非《插秧歌》内容，该诗比喻是“笠是兜鍪蓑是甲”（定义误称《插秧歌》把劳作比作“织网”，诗中并无此喻，属内容错误。）,用比喻把插秧劳作比作织网、甲胄等，形象写出田夫劳作的紧张与艰辛。,杨万里《插秧歌》把田夫比作“兜鍪”、蓑衣比作“甲”，写出农民如战士般争分夺秒劳作。赏析比喻你要先指出本体喻体，再分析相似点与画面感，最后落到情思。“低头折腰只不答”更写出连答话都顾不上的紧张忙乱，透出对农民的关切。,,
YY_WY_G1_B1_U1_006,英语,开学新起点主题词汇,62,typical_errors 出现自相矛盾的表述“把 campus 误拼成 campus”，等于没说，且“把名词 challenge 当成动词变形来用”指向不清（typical_errors 存在无意义/自指错误表述，不能直接给学生看）,描述新学校新学期环境与感受的核心英语词汇。,你开学就会遇到这些高频词：campus 校园、classmate 同学、timetable 课表、challenge 挑战、confident 自信的。写作介绍新班级时可串联使用，比如可以说你的新学期学习充满挑战。记忆时把表示环境的名词和表示感受的形容词分组背诵，场景会更清晰。遇到此类话题直接调用，既扣题又加分。,,
WL_G1_B4_GX_003,物理,折射率的决定因素,62,"typical_errors 概念混乱（""折射率正负方向""不存在）（折射率是标量没有方向，该错误项本身概念不清，学生会被误导）",折射率由介质本身及光频率共同决定，与入射角折射角大小无关。,你要明确折射率是介质的一种光学属性，它只由介质的种类以及光的频率决定，并不会随着入射角或折射角的大小而改变。同一介质对不同频率的光折射率不同，频率越高折射率越大，所以白光经过介质会发生色散。不同介质即使入射角相同，折射角也往往不同，这正是源于它们折射率的不同。当题目说改变入射角让你判断折射率变化时，你要清楚折射率是固定的量，改变的只是入射角与折射角的数值关系。,,
WL_G1_B4_JXB_018,物理,波的传播的多解分析,62,"example 题干有错别字（""数列波""应为""一列波""）；example 解析空泛（题干错字且解析没有给出具体求多解的过程）",波具有周期性，传播时间与距离的解答可能有多组。,波的传播题目往往具有多解性，因为波是周期性传播的。已知某段时间波传播的距离时，它可能等于若干个整波长加上一段距离；已知某时间间隔时，也可能包含若干个周期。你要注意，若题目未限定质点振动的最少时间或波的传播方向，结果往往有多个可能值。解题时应假设传播方向并列出周期的可能倍数，再逐一求得多组解。,,
YY_RJ_G1_B1_U3_012,英语,比较与对比表达,65,explanation 有知识性错误：'compare 的搭配 for 与 with 不混用'——compare 无 for 搭配，应为 compare with/to（explanation 把 compare 误配 for，属介词搭配知识性错误。）,掌握用于比较与并列关系的常见表达。,比较运动或生活方式时，你会用 compare A with B 对比两者，用 as well as 表示并列。比如 compared with indoor sports，running outdoors is more enjoyable。你要注意 compare 的搭配 for 与 with 不混用，as well as 连接并列时不要与 and 重复使用，写对配比才显得地道。,,
YY_RJ_G1_B1_WU_005,英语,一般现在时与现在进行时的区分,65,explanation 有乱码/知识性错误：'状态词 one、these days 提示正在进行'中 one 应为 now；'遇到 always 修主动词且表抱怨时可现进行'表述不通（explanation 里时间信号词写错（one→now）且句子读不通，学生难懂。）,用一般现在时表习惯、用现在进行时表此刻正在发生的动作的选用规则。,你抓两个信号：一个是状态词 one、these days 提示正在进行；一个时间是 always、every day 提示习惯。现在进行时结构是 be+doing，强调动作还没结束，比如 I am reading now；一般现在时强调习惯或事实，比如 I read every night。遇到 always 修主动词且表抱怨时可现进行，但基础判断先看是否此刻正在发生。,,
WL_G1_B3_DCGS_015,物理,发电机原理,65,explanation 知识性错误：线圈转动'产生交变电场'应为产生交变电动势/交变电流，与同条例子矛盾（解释把发电机产生的量误写成交变电场）,发电机利用电磁感应把机械能转化为电能。,发电机是利用电磁感应把机械能转化为电能的装置。线圈在磁场中转动时，穿过线圈的磁通量周期性变化，因而线圈中产生周期性变化的交变电场。你要理解，原动机提供机械能，通过磁通量变化转化为感应电动势，最终输出电能。理解发电机的这一能量转化过程，对你把握整个电磁感应实际应用很有帮助。,,
WL_G1_B3_JDCD_011,物理,电场及其基本性质,65,example 解析知识性错误：试探电荷受力为零处场强应为零（E=F/q），解析'不一定无电场'结论错误（例子解析对'受力为零处是否有电场'给出错误结论）,电荷周围存在的对放入电荷有力的作用的特殊物质叫电场。,电场是电荷周围客观存在的特殊物质，它对放入其中的电荷施加电场力。电场虽然看不见摸不着，但它具有物质属性并能传递能量与信息。电场最基本的性质是对放入其中的电荷有力的作用，这也可作为检验电场是否存在的依据。你要注意，离开电荷就不存在电场，电场不能单独存在。描述电场强弱的物理量是电场强度，直观描述电场的又一手段则是电场线。,,
WL_G1_B4_JXZD_006,物理,简谐运动的速度加速度,65,"definition 表述不清（""远离平衡位置减速加速，靠近则反向""）（定义句逻辑混乱，无法一句话说清速度与加速度变化）",简谐运动中速度和加速度随位移变化，远离平衡位置减速加速，靠近则反向。,你对简谐运动中速度和加速度的变化规律要能准确判断。当物体远离平衡位置时，位移增大、速度减小、加速度增大，加速度方向指向平衡位置；当物体靠近平衡位置时，位移减小、速度增大、加速度减小。加速度始终与位移方向相反且成正比，这一点由回复力决定。做题时你只需看物体是远离还是靠近平衡位置，就能确定速度的增减和加速度的方向，不必逐个时刻硬记，利用对称性可快速判断任意位置的状态。,,
WL_G1_B5_APLL_004,物理,磁感应强度的定义,65,"typical_errors 表述混乱（""定义式与安培力方向混用到矢量相互替代""）（句子无逻辑，无法指向具体错误动作）",磁感应强度B等于垂直磁场的电流所受安培力与IL之比。,你认识磁感应强度要从它的定义式入手，磁感应强度B等于F比IL，其中F是通电导线垂直于磁场方向时受到的安培力，I是电流大小，L是导线有效长度。这个比值反映磁场本身的强弱属性，它由磁场和位置决定，与放入的电流大小、导线长度甚至有无导线都无关。理解这一点即可明白，增大电流或改变导线并不会改变该处的磁感强度大小。B的单位是特斯拉，符号T，理解定义后你分析磁场分布就有抓手。,,
WL_G1_B5_APLL_022,物理,霍尔效应的原理,65,"definition 表述不清（""向下表面分别累积电荷""）（定义缺""上""字、语法破碎，学生读不懂）",通电流导体在垂直磁场中向下表面分别累积电荷形成横向电压。,你理解霍尔效应要抓住电荷受洛伦兹力发生横向聚集的过程。把导电材料放入方向与电流垂直的匀强磁场中，定向运动的载流子受洛伦兹力作用向一侧偏转，使导体上下表面分别积累正负电荷，从而形成霍尔电压。若载流子是正电荷还是负电荷，横向电压正负会相反，这能判别载流子种类。带电霍尔传感器即据此测定磁场或电流，你要能由受力方向判断电荷聚集在哪个表面。,,
WL_G1_B5_CGQ_001,物理,传感器的概念与作用,65,"explanation 表述混乱（""非电学量转化成的非电学量""冗余）（重复堆叠导致句子读不通）",传感器把非电学量转换为便于测量的电学量并输出信号。,你要明白，传感器是一个能把非电学量转化成的非电学量变成电学量再输出的元件。外界的光、温度、压力、位移、速度这些量都叫非电学量，传感器感知它们之后，会把它们转换成电阻、电流、电压等电学量，方便后用仪器去测量或自动控制。它相当于人的感觉器官，对外界变化很敏感。你判断某个设备是不是传感器，就要看它有没有完成从非电学量到电学量的转换，而不是看它本身是什么材质。,,
WL_G1_B6_FZDL_021,物理,气体分子热运动的特点,65,"explanation 有错别字（""碰撞器中""应为""碰撞中/容器中""）（""气体分子在碰撞器中频繁发生碰撞""中""碰撞器""用词错误）",气体分子热运动剧烈，间距远大于分子直径。,气体的分子热运动十分剧烈，分子间距离比分子的直径大得多，因此除了碰撞的瞬间之外，分子间的作用力十分微弱，通常可以忽略不计。你应当理解，气体分子在碰撞器中频繁发生的碰撞，正体现了它的无规则热运动。热运动越剧烈，分子的平均动能越大，对应的温度也就越高。掌握气体分子间距大、作用力弱、运动剧烈这些特点，才能明白为什么在通常讨论中常把气体当作忽略分子势能的理想模型来处理。,,
WL_G1_B6_YZH_024,物理,放射性的应用,65,"explanation 表述混乱（""微量元素还可点亮夜光表涂布""）（""微量元素""应为""放射性同位素""，""点亮夜光表涂布""语句不通）",射线可用于示踪、医学治疗、工业探伤等和平应用。,放射线的应用很广泛，你要能分类记住。示踪原子法利用放射性同位素与普通原子化学性质相同，把它标记进去追踪物质的运动路径，比如在医疗中追踪药物去向。医疗上用γ射线的强穿透力进行放射治疗，照射破坏癌细胞，也用放射性同位素诊断。工业上用γ射线探伤检查金属内部的缺陷，还可用来测定流水流量、检查密封性。微量元素还可点亮夜光表涂布。判断应用要联想到对应射线的穿透和示踪能力，γ强穿透适合探伤治疗，标记适合示踪。,,
SX_B_G1_B5_KJXL_008,数学,用向量法求直线与平面所成角,66,explanation 逻辑混乱：线面角范围 0到45度以内…实际0到90度 自相矛盾、读不懂（线面角取值范围一句表述混乱，学生难读懂）,线面角正弦等于直线方向向量与平面法向量夹角余弦的绝对值。,这条公式容易记反方向，你要理解其来源：直线与平面所成角θ和方向向量与法向量的夹角是互余关系，所以sinθ等于夹角的余弦，再取绝对值控制范围在0到45度以内放笼统点，实际0到90度。步骤固定：求出方向向量与法向量，算二者夹角余弦，取绝对值得到线面角的正弦，必要时再反求角。平时多练建系算坐标，这题就能拿满分。,,
WL_G1_B2_YZYD_009,物理,圆锥摆水平圆周,66,example 解析知识性错误：'mω²r=mg'漏掉tanθ，仅在45°时数值巧合成立（圆锥摆向心力方程漏乘tanθ，属公式错误）,圆锥摆在水平面做匀速圆周运动。,圆锥摆中摆球沿水平圆周运动，绳偏离竖直方向成固定角度，摆球在水平面内匀速转动。你受力分析会发现，绳的拉力与重力的合力指向圆心即为向心力。由几何关系可得所需向心力用mω方乘以r表示，结合角度关系可求角速度与周期。请你列方程时正确选取向心半径，注意向心力指向圆心沿水平方向而非沿绳方向。,,
YY_RJ_G1_B1_WU_012,英语,新生适应期常用会话口语,68,explanation 有乱码：'常春试听力'表意不通（explanation 里'常春试听力'应为'常见于听力'等，学生读不懂。）,在认识新同学、请求帮助等场景中使用的礼貌会话句型。,你会在开学季大量用到简单会话。第一次见人用 Nice to meet you；要帮忙说 Could you help me；想认识对方问 May I know your name。口语重语气和完整度，反意表达用 Could you... 比 Can you... 更礼貌。常春试听力或情景对话，记住关键功能句后，遇到场景题按功能匹配即可。,,
YY_WY_G1_B1_U6_009,英语,表示保护生态的固定短语,68,typical_errors 第2条“减少污染表达时误用 reduce 与 pollution 搭配错误”自相矛盾：reduce pollution 本来就是正确搭配（typical_errors 把正确搭配当成错误，自相矛盾）,描述保护自然与环境行动常用的动词短语搭配。,你表达环保行动时常用 protect the environment 保护环境、save resources 节约资源、reduce pollution 减少污染、plant trees 植树等短语。比如 plant trees 让你为环保出力这一说法很常用。写环保倡议书时用这些短语——列出措施，简洁而有力。注意 protect 与 against 搭配表具体防范。,,
YY_WY_G1_B3_U6_006,英语,现在分词作状语时态形式,68,"example “___ home, he slept”解析填 Arriving，但解析又说“先到家后睡觉”，按本条 having done 规则应填 Having arrived，自相矛盾（example 与 explanation 的时态规则自相矛盾）",区分一般式doing与完成式having done表示动作先后关系的形式选择。,"现在分词表主动进行时，若其动作早于主句动作完成，就用完成式having done；若与主句同时就用一般式doing。比如Having finished dinner, he read news说明先吃完再看报。汉语只用一个动词时，你要据时间先后判断用doing还是having done，这是易错关键点。",,
YY_WY_G1_B6_U5_008,英语,师法自然主题词汇,68,typical_errors 第1条“把 imitate 与 inspire 混淆含义相反”不准确：两者含义不同但并非“相反”，表述有误（typical_errors 词义关系表述错误）,涵盖向自然学习和仿生领域的词汇。,本单元讲师法自然，你要掌握几个核心词。learn from nature 向自然学习，imitate 模仿，biomimicry 仿生学，inspire 启发，wisdom 智慧。这些词常出现在讲人类从动植物获得灵感的文章里。读这类文章时先抓这些关键词，再理清自然给人类的启示，理解就透彻了。,,
WL_G1_B1_YBZS_005,物理,平均速度公式求解,68,explanation 知识性错误：'用总路程除以总时长'是平均速率而非平均速度，与前后文自相矛盾（解释把平均速度说成总路程除以总时长，属概念错误）,用总位移除以总时间计算平均速度。,平均速度不是看你中间开得多快，而是把整段的总位移除以总时间。你把它理解成用总路程除以总时长得到的统一快慢，和瞬时速度完全不同。注意位移不是路程，方向变化来回走时平均速度可能很小甚至为零。,,
WL_G1_B4_JXB_004,物理,波长周期与波速关系,68,"explanation 有错别字（""质量点""应为""质点""）（关键概念词写错，容易误导）",波速等于波长与频率的乘积，用v等于λf表示。,波的波长λ、波速v、频率f之间满足关系v等于λf，也可用v等于λ除以T表示，其中T为波的周期。你要注意，公式中的波长是相邻两个振动步调完全一致的质量点间的距离，频率由波源决定。由公式可知，频率相同时波长越短波速越小。做题时抓住波长、波速、周期三个量中的任两个即可求出第三个。,,
YY_RJ_G1_B1_U1_006,英语,陈述句中的频率副词,70,typical_errors 有乱码/读不懂：'把频率副词放在句首大过课时位置'语义不通（typical_errors 首条'大过课时位置'表意不清，学生读不懂。）,频率副词位于行为动词前、be 动词后的位置规则。,你把频率副词的位置记住就不容易错：在行为动词前（We often go jogging），在 be 动词、情态动词之后（He is always happy）。频率副词用来回答 how often 的问题。写句子时先写主语，再考虑频率词该放哪，行为动词前和 be 后这两个位置最常考。,,
YY_RJ_G1_B1_WU_011,英语,描述人物特征的表达,70,explanation 有车轱辘话：'build 用 build、hair 用 hair 配形容词'自指无信息（explanation 里 build 与 hair 表述自指，属无效套话。）,用 be 加形容词和 has 加名词搭配描述人的外貌与性格的方法。,你描述一个人分两条线走：外貌用 be+形容词或 have/has+名词，如 He is tall、She has long hair；性格用 be+形容词，如 He is friendly. 记住固定搭配：build 用 build、hair 用 hair 配形容词，He has a big nose 说五官。写人物描写作文时，把外貌和性格分开讲，句子主谓宾结构要完整，避免碎片表达。,,
YY_RJ_G1_B2_U1_004,英语,whose 所属关系,70,definition 有乱码：'表示人或多所属关系'应为'人或物'（definition 里'人或多'表述不通，语义不清。）,掌握 whose 表示人或多所属关系且作从句定语。,whose 表示谁的，既可指人也可指物，在从句里作定语接名词。比如 The village whose old houses were damaged 中 whose 修饰 houses。指物的所属也可以用 of which 表达，如 the roof of which。你要判断从句里那个名词是否属于先行词，属于就用 whose。指物的所属在正式写作中可用 of which 替换。,,
YY_RJ_G1_B2_U2_012,英语,保护成效描述词汇,70,typical_errors 有错字/读不懂：'recover 与 survive 厚度混淆'应为'程度'（typical_errors 里'厚度混淆'用词错误，指向不清。）,掌握描述保护后种群恢复状态的常用词汇。,描述保护效果，你会用 recover 恢复、survive 存活、flourish 兴旺繁盛等词。比如 Thanks to protection，the deer population has recovered。你要注意 recover 指数量或状态恢复，survive 强调幸存下来，flourish 表示繁荣发展。把这些成效词按从恢复到繁荣的层次记，写生态成效时用词有梯度更生动。,,
YY_RJ_G1_B2_U3_007,英语,网络基础操作词汇,70,typical_errors 有空泛/误导：'download 与 load 单复数混淆'指向不清；'access 后误加介词，写成 access to 主动语态'与 access to 的正确搭配冲突（typical_errors 既有空泛表述，又有与标准用法冲突的误导表述。）,掌握 browse、download、surf 等网络浏览下载操作的基础词汇。,你上网浏览、下载资料，就要会用 browse 浏览、download 下载、surf 冲浪、access 访问等词。比如 I browse the web and download useful resources。你要注意 download 是及物动词直接接文件名，access 代指访问网络或数据。把这些网络动作词记牢，说完网络使用体验时表达就顺畅自然。,,
YY_RJ_G1_B2_U5_012,英语,被音乐打动表达,70,example 题干有乱码：'我被这首歌 ___（move）shallow'中 shallow 表意不通（example 题干里 shallow 与被打动语境不符，题目混乱。）,掌握表达被音乐打动感染含义的被动结构。,表达被音乐打动你会用 be moved by 被感动、be touched by 被打动等被动结构。比如 I was deeply moved by the melody，我被这旋律深深打动。你要注意 be moved 是被动结构，后接 by 引出触动人的事物，表主语受到情感的感染。把被打动类的被动表达记熟，写音乐感想时感情更饱满真诚。,,
YY_RJ_G1_B3_U1_001,英语,现在分词作定语表主动进行,70,explanation 有乱码：'用 behind 位置表示当时正在进行的动作'应为'后置'（explanation 里'behind 位置'用词错误，学生难懂。）,现在分词置于名词前或后作定语，表示主动或正在进行的动作。,你看到 -ing 形式作定语时，要判断它与被修饰名词的关系。the rising sun 表示太阳自行升起，是主动关系；the sounds of people laughing 用 behind 位置表示当时正在进行的动作。区别在主动还是被动、进行还是完成。做选择题先看被修饰词能不能自己发出这个动作，能则用 -ing，这是作定语的核心判断依据。,,
YY_RJ_G1_B3_U1_013,英语,非谓语在主题语境的应用,70,typical_errors 有乱码：'distinguish 非谓语与谓语时丢时态'中英文混杂、表意不通（typical_errors 里混入英文 distinguish 且语义混乱。）,综合运用 -ing 与 -ed 形式描述节日场景的适用能力。,你在节日主题语篇中要综合运用非谓语，用 -ing 描述主动进行的场景，用 -ed 描述被动完成的状态。比如 a dancing performance 主动的表演、a decorated hall 被装饰的大厅。做题时先看动词与被修名词关系再定形，写作文时用对非谓语能让句子更简洁紧凑，避免两个动词连写。,,
YY_RJ_G1_B3_U3_002,英语,不定式省略 to 后的动词,70,explanation 有乱码：'判断 whether 该省 see 后宾语用动词原形'表意不通（explanation 里该句语法混杂，学生读不懂。）,在 help、let、make 等动词后不定式省略 to 及重复动词的现象。,你注意两种情况：sensory 动词和 make/let 后接宾语加不带 to 的不定式，如 make me laugh；在 I'd like to 这类结构中重复的不定式可省。判断 whether 该省 see 后宾语用动词原形。做题时看到感官动词或使役动词后要接动词原形，区别于普通不定式加 to。,,
YY_RJ_G1_B5_U3_004,英语,该不该用 that 作连接词,70,typical_errors 有乱码：'type 混合宾语从句把可省的 that 乱省'表意不通（typical_errors 里'type 混合'语义混杂，学生读不懂。）,区分 where that 必须、that 与 which 选用的位置规则。,你要把连接词选用归好类：定语从句里关系词充当成分用 which、who、where 等；同位语从句说明内容只能用 that。而宾语从句 that 常可省略，同位语从句却不可。做题先分清从句类型，再决定用 that 还是其他词，这样选择填空就不会颠倒。多练几道能形成固定判断手感。,,
YY_RJ_G1_B5_U4_002,英语,过去完成时的使用场景,70,definition 有乱码：'叙述前因后果哑等场景'中'哑等'表意不通（definition 里'哑等'用词错误，一句话没说清。）,在 by、before 引导的句子或叙述前因后果哑等场景中使用过去完成时。,"你判断过去完成时就看有没有明确的时间关系：用 by 加过去时间、before 或 when 从句时，发生在先的动作用过去完成。如 By the time he arrived, the train had gone. 做题先把时间参照点圈出，凡是先发生、先完成的动作统一用过去完成，后发生的仍用过去式。",,
YY_RJ_G1_B6_U1_006,英语,艺术家与作品词汇,70,example 解析有乱码：'构图缘物品陈列在画廊'表意不通（example 解析里'构图缘物品'语义混乱。）,painter、sculpture、canvas 等描述艺术家与艺术品的名词。,你认识艺术品相关名词：painter 画家、sculpture 雕塑、canvas 画布、brush 画笔、gallery 画廊、exhibition 展览。如 a famous sculpture、an exhibition of paintings。看到 canvas 与 gallery 就知道在讲艺术。记词搭配动词，如 exhibit artworks，写作谈艺术更顺手。,,
YY_RJ_G1_B7_U1_011,英语,未来世界设想词汇,70,explanation 有错字：'记词配没想'应为'记词配设想'（explanation 里'配没想'错字，表意不清。）,虚拟世界相关设想、乌托邦等多未来背景名词的选用。,你谈未来设想用 virtual reality 虚拟现实、smart city 智慧城市、robot servant 机器人仆人、sustainable 可持续的。如 The story imagines a perfect future city. 阅读看到 smart city 就知道在讲未来设想。记词配没想，谈科幻世界观文章更顺。,,
YY_RJ_G1_B7_U1_012,英语,情态动词表后悔或设想,70,definition 有错字：'本应做而设做成的推定'应为'未做成'（definition 里'设做成'错字，语义不清。）,用 should have done 等情态表本应做而设做成的推定。,你表达本应该做而实际没做的事用 should have done，如 The robot should have stopped. 它与 should do 不同，强调过去未达成。判断语境属过去未办，用 should 加 have done。写作谈后悔或未果之事用此结构更准确。,,
YY_RJ_G1_B7_U2_001,英语,非谓语作定语综合运用,70,example 与知识点不匹配：题面'We visited a famous tower'考形容词 famous，而非 doing/done/to do 作定语（example 考查的是形容词修饰名词，与'非谓语作定语'知识点不匹配。）,根据修饰名词的主被动关系选用 doing、done 或 to do 作定语。,你用非谓语作定语看名词与动作的关系：主动进行用 doing、被动完成用过去分词、表将来用 to do。如 the shining tower、the visited site。判断先看名词是主动还是被动，再决定形式。写作使修饰恰当，定语表达就准确显眼。,,
YY_WY_G1_B1_U1_012,英语,表示频度的副词排序,70,typical_errors 出现“倍语 always 与 never 的否定含义区分不清”，“倍语”为生造/错字，学生读不懂（typical_errors 含错别字表述，语义不明）,按频率高低对 always 等频度副词进行正确排序的用法。,你表达动作发生的频繁程度时，应按频率从高到低使用这些副词：always 总是、usually 通常、often 经常、sometimes 有时、never 从不。它们在句中通常放在行为动词前、be 动词之后。做排序或选词题时，先用语义判断程度深浅，再考察在句中的位置，避免把 often 和 usually 的程度弄反。,,
SX_B_G1_B2_ZSDM_006,数学,对数的换底公式,70,example 解析中间步骤符号乱（log3^3·log2^2），虽最终结果6正确但过程不规范（例题解析中间步骤对数符号混乱，易误导学生）,把任意底的对数换成另一底的对数，统一底数后再合并运算。,当题目里出现不同底数的对数要合并或比较时，你就用换底公式把底统一，这样方便得多。常用办法是换成自然对数ln或常用对数log。还要记住两个重要推论：log_a b与log_b a互为倒数。解题关键是看题目给出什么底就选什么底，一般选10、e或便于约分的数值，代入后分式相乘常能约掉很多项，运算会非常快。,,
WL_G1_B1_XHZL_001,物理,力的概念与相互性,70,example 解析含无意义表述'大气不存在施力物体'，题干'以下说法正确的是哪项'无选项、不完整（例子中'大气不存在施力物体'语义不通且题干缺选项）,力是物体与物体间的相互作用，成对出现，作用点不同。,你要想清楚，力的本质就是物体对物体的作用，所以力永远离不开两个物体：一个是施力物体，一个是受力物体。一个物体只要对别的物体施加了力，它就一定同时受到对方反过来的力。比如你推墙，手会感到疼，这就是墙同时在推你。判断一个力是否存在，光看有没有物体在那不够，要判断这个力的施力物体和受力物体分别是谁，两个缺一不可。画受力分析时，只画别的物体对你施加的力，别把你施给别人的力画进去。,,
WL_G1_B3_DNNL_004,物理,电功与电热的区别,70,example 解析表述误导：'电功UI全转化'易被误解为电功全部转化为内能（例子解析'全转化'表述与电功电热区别主题矛盾）,电功是总转化量，电热是功中生热的部分，二者内容不同。,电功W=UIt是电流做的总功，电能转化的形式多样；而电热Q=I2Rt只是其中转化为内能的那一部分。你要清楚，电功和电热在数值上并不总是相等，只有在电能全部转化为内能时才相等。判断谁转化成了机械能或化学能，就要对比电功和电热的大小，多出来的那部分就是别的形式的能。分析电动机、充电器这类装置时，必须先分清哪个算总功、哪个算发热，二者不能混用一个公式。,,
WL_G1_B4_JXZD_016,物理,单摆法测重力加速度,70,"explanation 表述不清（摆长起点应为悬点而非球心）（""摆长的起点应取摆球球心""方向说反，学生易混淆测量端点）",通过测量单摆的摆长和周期，利用T等于2π根号L比g反推重力加速度。,测重力加速度的经典实验是单摆法。你测量摆长L，即从悬点到摆球球心的距离，并测量多次全振动的时间算出周期T，再由T等于2π乘根号(L/g)变形得到g等于4π方L除以T方。为保证准确，要选择摆角小、摆球用密度大的球、测多组数据取周期的平均值。你还要注意摆长的起点应取摆球球心，测周期时从平衡位置开始计时误差更小。这些实验细节是常考设错点，仔细核对就能避开陷阱。,,
WL_G1_B6_YZH_001,物理,原子核的组成,70,"explanation 表述不清（""编号叫质子数""）（""质子带正电，编号叫质子数""表述生硬）",原子核由质子和中子组成，二者统称为核子。,你要知道，原子核非常小，但它的里面还有结构。原子核由质子和中子两种粒子组成，这两种粒子统称为核子。质子带正电，编号叫质子数；中子不带电。同一个原子核里质子和中子的数目是固定的，决定了它是哪种原子核。质子数相同而中子数不同的原子核，化学性质相同但质量不同，你要能区分开来。认识核子组成，是后面学核反应守恒、结合能的基础，先把结构记牢很重要。,,
WL_G1_B6_YZH_019,物理,质能方程与核能计算,70,"explanation 有错别字（""中央质能公式""应为""质能公式""）（""中央""为多余错字）",质能方程E=mc²，核反应释放能量ΔE=Δmc²。,质能方程E等于mc²告诉我们，物体的质量与能量之间有对应关系，质量改变了多少，能量就按中央质能公式对应改变。你算核反应释放能量时用ΔE等于Δmc²，也就是取质量亏损Δm乘以光速的平方。计算时常把质量单位换算成原子质量单位再用相应常数，或直接用公式算焦耳。要注意m乘c²得到的能量单位是焦耳，若质量亏损用u为单位则要知道对应的能量数值。这个公式把质量和能量统一起来，是核能计算的核心工具。,,
YW_G1_B5_GSCS_002,语文,《客至》的待客之情,72,explanation 有知识性错误：“写邻翁来访”误把《客至》的客人当成邻翁，诗中“客”“君”是来访友人，“邻翁”是结尾拟邀对饮的邻居（解释把《客至》待客对象误作“邻翁”，与诗意不符。）,写迎客、待客的家常细节，表现朴素的友情与清贫中的真诚。,杜甫《客至》写邻翁来访的欣喜与招待：“花径不曾缘客扫，蓬门今始为君开”，再写“盘飧市远无兼味，樽酒家贫只旧醅”，家常语中见真诚。你赏析时要抓住这些生活细节，体会诗人清贫中待客的质朴真情与随和亲切。,,
YY_RJ_G1_B1_U1_005,英语,青春校园话题词汇,72,typical_errors 有车轱辘话：'分不清 challenge 与 challenge 相关的动词搭配'自指、无具体指向；'把活动类与感受类词混用'也空泛（typical_errors 里出现 challenge 与 challenge 自指的无效表述，且混用条目未指向具体词。）,与校园活动、社团、青少年生活相关的核心词汇及其搭配。,你认识并会用的是解读校园类文章的词汇：club 社团、activity 活动、volunteer 志愿者、challenge 挑战、satisfaction 满足感、lonely 孤独的。记词要带搭配，如 take part in an activity、face a challenge、feel lonely。这类词汇在阅读理解和写作中反复出现，掌握搭配后写作文也更有内容。,,
YY_RJ_G1_B1_U2_005,英语,出行交通方式词汇,72,explanation 有知识性错误：'say by train'并非地道表达（应为 go by train），且'take train by'错误（explanation 中给出的交通表达示例本身有误，会给学生错误示范。）,掌握火车、飞机、大巴等交通工具及机场车站场所的常见英文表达。,旅行规划里你会频繁接触交通类词汇，比如 train、flight、departure、shuttle。你用它们谈路线要搭配正确，say by train 而不说 take train by。你要学会联想场景记忆：在机场看 departure board，坐 shuttle 到市区，错过 flight 就改下一班。把这些词放进句子记，比孤立背单词牢固得多。,,
YY_RJ_G1_B1_U2_007,英语,景点观光活动词汇,72,typical_errors 有车轱辘话：'把 scenery 误当作复数 scenery'自指、指向不清（typical_errors 里 scenery 与 scenery 自指，未说明具体错误动作。）,掌握观光、看景点等观光活动词及其固定搭配的用法。,描述景点和活动时，你会用 visit a museum、go hiking、climb the mountain 这类词，比如 We plan to visit the Great Wall。注意 sightseeing 前用固定搭配 go，说 go sightseeing，不能写 do sightseeing。把词跟动作一起记，介绍旅行计划时就用得上了。,,
YY_RJ_G1_B1_U3_007,英语,健康生活方式词汇,72,typical_errors 有车轱辘话：'energetic 与 energetic 拼写混淆漏字母'自指无效（typical_errors 里 energetic 与 energetic 自指，无具体错误信息。）,掌握描述健康状况与生活态度的常用形容词。,表达健康主题时，你要会准确用词：healthy 表健康的，fit 表体形健康灵活的，energetic 表精力充沛的，positive 表积极向上的。例如 Staying active keeps me fit and energetic。你最好把这些形容词和它们描述的状态搭配记忆，用词时先想清楚是要强调身体健康、体形还是精神状态，再选择合适的词，表达才准确。,,
YY_RJ_G1_B1_U3_011,英语,压力放松调节词汇,72,typical_errors 有车轱辘话：'混淆 stress 与 stress 派生词'自指、指向不清（typical_errors 里 stress 与 stress 自指，未具体说明混淆对象。）,掌握谈论压力与放松状态的常见词汇用法。,讲健康你会谈到压力与放松：stress 是压力，relax 动词放松，relieve stress 表示缓解压力。比如 Exercise can help you relieve stress。你要注意 relieve 后可直接接 stress 作宾语，relax 是不及物动词后不接宾语。你还要区分 stress 作名词表压力，用词时先想清楚是作动词还是名词，选择才对。,,
YY_RJ_G1_B1_U4_009,英语,洪水泥沙台风等灾害,72,typical_errors 有空泛表述：'把 typhoon 台风误写成太简单或漏字母'指向不清（typical_errors 首条'太简单'表意空泛，未指向具体错误。）,掌握洪水、滑坡、台风等各类自然灾害的名称表达。,你要记住 flood 洪水、landslide 山体滑坡、typhoon 台风、drought 干旱、tsunami 海啸等名称。比如 The typhoon brought heavy rain and caused floods。这些灾害名词常被 hit、strike 支配，表灾害爆发用 break out。把名称词和它的后果串进句子记忆，考试时就稳定。,,
YY_RJ_G1_B1_U4_011,英语,幸存与救援词汇,72,typical_errors 有车轱辘话：'rescue 作名词时误写成 rescue 前加 to'自指无效（typical_errors 里 rescue 自指，未说明具体词形错误。）,掌握幸存、救援、幸存者等词的词形与用法。,讲灾害后的求生，你要会用 survive 幸存、survivor 幸存者、rescue 救援、search for 搜寻。比如 The rescuers managed to save the survivors，救援人员设法救出了幸存者。你要分清 survive 是动词直接及物，survivor 是名词，rescue 可作动词也可作名词，搭配算好它们的词性和拼写，才不会在写作里用错词形。,,
YY_RJ_G1_B1_U5_008,英语,figure out 表示弄清,72,example 解析与题干不匹配：'改错：I figured it out quickly'本身无错却标为改错，解析说'已正确'，题干自相矛盾（example 标注改错但句子无误、解析又称已正确，题目不完整。）,掌握 figure out 表示弄明白及人称代词作宾语放中间的用法。,学语言遇难题，figure out 表示最终弄明白，比如 I finally figured out the meaning。它后接宾语或疑问词从句，如 figure out what the word means。你要注意 figure 是及物短语，人称代词作宾语要放中间，写成 figure it out，不能说 out it。把它和 why、how 引导的疑问句一起练，写作和阅读都用得上。,,
YY_RJ_G1_B2_U1_009,英语,参与保护活动表达,72,example 题干有乱码：'取救了，很多志愿者 ___（take part）in 修复'表意不通（example 题干'取救了'语义不明，题目不完整。）,掌握参加、参与、贡献等表达参与行动的短语。,号召参加保护行动你会用 take part in 参加、be involved in 参与、contribute to 贡献等表达。比如 Many students took part in the cleanup。注意 take part in 后面接活动名词，be involved in 表更深度投入，contribute to 后接动名词表做出贡献。把这三个短语搭配练熟，写倡议信就顺手。,,
YY_RJ_G1_B2_U2_008,英语,栖息地与保护区词汇,72,typical_errors 有车轱辘话：'habitat 与 habitat 单复数混淆'自指无效（typical_errors 里 habitat 自指，无具体错误信息。）,掌握栖息地与保护区类名词的识别与用法。,谈论保护措施你会需要 habitat 栖息地、reserve 保护区、natural park 自然公园等词。比如 The area was turned into a wildlife reserve，这块区域被划为野生动物保护区。你要注意 habitat 是动物的天然栖息地，reserve 指划定的保护区域。把栖息地和保护区连起来记忆，描写生态保护措施时表达就专业了。,,
YY_RJ_G1_B2_U4_007,英语,历史朝代时期词汇,72,typical_errors 有车轱辘话：'把 century 与 century 数词搭配记错'自指无效（typical_errors 里 century 自指，无具体错误信息。）,掌握朝代、古代、有历史意义等历史词汇的用法。,谈论历史你会用到 dynasty 朝代、ancient 古代的、historic 有历史意义的、century 世纪等词。比如 The temple dates from the Tang dynasty，这座寺庙可追溯到唐代。你要注意 ancient 强调远古，historic 强调有历史纪念意义，别混淆。把历史时期词和具体朝代对应记，聊中国历史传统时才准确。,,
YY_RJ_G1_B4_U2_005,英语,预测表达的句式,72,typical_errors 有车轱辘话：'predict 与 predict 形式用错状态'自指无效（typical_errors 里 predict 自指，无具体错误信息。）,用 predict、be likely to 表达对未来趋势的预测。,你表达预测用这些结构：predict 预测、it is predicted that 据预测、be likely to do 很可能、expect 预期。例如 It is predicted that robotics will replace many jobs。判断主从句时态结构与将来相关。写作未来预测时先亮预测，再用搭配加具体领域，语气要客观。,,
YY_RJ_G1_B4_U3_005,英语,描述自然景观的句式,72,typical_errors 有车轱辘话：'stretch 与 stretch 的主动形式用错'自指无效（typical_errors 里 stretch 自指，无具体错误信息。）,用 surround、stretch 等表达山水景色。,你描述山水用这些词：be covered with 被覆盖着、stretch 绵延、surround 环绕、lie 位于、flow 流淌。例如 The valley is covered with alpine flowers。写作写景先定位置再用动词讲展开状态，后补充色彩与感受。用对句式让画面立体生动。,,
YY_RJ_G1_B4_U5_005,英语,农业与粮食核心词汇,72,typical_errors 有车轱辘话：'crop 与 crop 单复数的使用错误'自指无效（typical_errors 里 crop 自指，无具体错误信息。）,与农业、种植、土壤、粮食生产相关的核心词汇及搭配。,你认识农业词是读懂种植类文章的前提：crop 作物、yield 产量、soil 土壤、fertile 肥沃的、harvest 收获、irrigate 灌溉、pesticide 农药。记词带搭配，如 increase the yield、be fertile。做农业阅读先锁定生产词所在句把握过程。,,
YY_RJ_G1_B5_U2_005,英语,文化交流行为动词搭配,72,typical_errors 有车轱辘话：'promote 与 promote 后的宾语搭配不自然'自指无效（typical_errors 里 promote 自指，无具体错误信息。）,介绍、分享、尊重文化等行为动作及其固定搭配的动词用法。,你表达文化交流动作时常用 introduce 介绍、share 分享、exchange 交流、respect 尊重、celebrate 庆祝。常见搭配有 introduce Chinese culture to others、share experiences、promote cultural exchange。写作文谈交流时先定动作词，再配搭配好的宾语，句子结构完整，意思也更到位。,,
YY_RJ_G1_B5_U3_005,英语,食物与食材核心词汇,72,typical_errors 有车轱辘话：'ingredient 与材料 ingredient 拼写漏字母'自指无效（typical_errors 里 ingredient 自指，无具体错误信息。）,常见食材与食品的名词，如 ingredient、soup。,你看美食文章会遇到食材名词：ingredient 配料、soup 汤、staple food 主食、dumpling 饺子、porridge 粥、flavour 风味。遇到 add the ingredients 加配料、staple food 主食这类组合就能理解制作内容。记词时把词与常见搭配绑定，如 cook a soup、staple grains，理解菜谱和烹饪类阅读更顺手。,,
YY_RJ_G1_B6_U3_007,英语,环境污染类型词汇,72,typical_errors 有车轱辘话：'garbage 与 垃圾对应词拼写错误'自指无效（typical_errors 里 garbage 与中文'垃圾'自指，无具体错误。）,空气、水、垃圾等各类污染类型及环境问题的核心名词。,你认识污染名词：air pollution 空气污染、water pollution 水污染、noise pollution 噪音污染、plastic waste 塑料垃圾、garbage 垃圾。如 The air pollution is getting worse. 阅读看到 water pollution 就能锁定主题。记词区分污染类型，读环保类文章定位更快。,,
YY_RJ_G1_B6_U3_009,英语,能源与资源词汇,72,typical_errors 有车轱辘话：'solar 与 solar 形容词位置搭配错'自指无效（typical_errors 里 solar 自指，无具体错误信息。）,solar、wind、renewable 等与能源类型和资源相关的核心词汇。,你谈能源会用到 solar energy 太阳能、wind power 风能、renewable energy 可再生能源、natural resources 自然资源。如 Solar power is clean. 阅读看到 renewable 就知道在讲可持续能源。记词区分可再生与不可再生，谈环保主题文章更准确。,,
YY_RJ_G1_B6_U5_008,英语,诗歌朗读拉过表达,72,typical_errors 有车轱辘话：'recite 与 recite 的读音拼写混淆'自指无效（typical_errors 里 recite 自指，无具体错误信息。）,recite、recital、perform 等描述朗诵与表演诗歌动作的词汇。,你谈朗诵用 recite 背诵朗诵、recital 朗诵会、perform 表演、deliver a poem 诵读诗歌。如 She recited the poem beautifully. 写作介绍朗诵会先用 recite 讲动作，再配效果。判断对象词，朗诵类表达才完整地道。,,
YY_WY_G1_B1_U2_007,英语,描述母语者的表达,72,typical_errors 第3条“口音 accent 与语言 accent 一词多义的选义失误”表述混乱，自我重复无实际指向（typical_errors 含车轱辘话式无意义表述）,描述母语者、口音及语言熟练度的相关表达方式。,你讨论语言背景时会用到 native speaker 母语者、accent 口音、fluent 流利的等表达。比如可以说 she speaks with an American accent 来描写口音。注意 fluent 描述人的语言水平，foreign language 与 second language 含义略有差别。写作文谈语言时用对这类词，能让表达更地道专业。,,
YY_WY_G1_B1_U3_006,英语,家庭关系核心词汇,72,typical_errors 第1条“把 harmony 与 harmony 的形容词形式混用”自我重复（harmony 的形容词应是 harmonious），表述错误（typical_errors 出现错误且自指表述）,描述家庭成员与亲属关系类型的核心英语词汇。,你写家庭话题要用到 relative 亲戚、support 支持、respect 尊重、harmony 和谐等词。表达家庭温馨可说 in harmony 关系和谐，可说 our family is full of care。记忆时把表示称呼的名词与表示情感态度的抽象名词分开归类，比如把 care 归情感类。作文表达亲情时用这些词更到位。,,
YY_WY_G1_B1_U6_012,英语,感官连系动词的基础用法,72,example 解析“feel 感官词后接形容词”但例句用的是 look，解析与例句不匹配（example 解析与例句动词不一致）,look 等感官动词作连系动词接形容词补语的基础用法。,你描写景色或感受时可用 look、sound、smell、taste 等感官动词作系动词，后接形容词而非副词。比如 The valley looks beautiful 表示山谷看起来很美。它们表示人的感官判断，后面不加副词直接加形容词。写自然描写时用这些词能让画面生动，语言也更自然。,,
YY_WY_G1_B2_U2_009,英语,描述节日气氛的表达,72,typical_errors 第1条“lively 与 lively 形容词与副词拼写混用”自我重复，无实际指向（typical_errors 含自指无意义表述）,描述节日氛围热烈欢快气氛的形容词与常用搭配。,你描写节日气氛常用 lively 热闹的、joyful 快乐的、warm 温暖的、peaceful 平静的等形容词，如 a lively square 热闹的广场。表示空气中满溢气氛可说 full of joy 充满欢乐。写节日场景片段时用这类词烘托情绪，让描写立体而不空洞。,,
YY_WY_G1_B2_U6_005,英语,so 与 such 的省略用法,72,name/definition 把 so/such 的程度用法与“I think so”的省略用法混为一谈，知识点界定混乱（知识点定义与示例（I think so）不是同一语法现象）,用 so 或 such 省略重复成分以增强表达程度的用法。,你为避免重复已出现的内容时 so 与 such 也有体现：如 I think so 表示我也这么认为，省略了具体内容。这类省略让对话简洁自然。写作时用 so 去省略已明确的内容，不赘述又表达清楚。不过省略要建立在上下文清晰的前提下再进行。,,
YY_WY_G1_B2_U6_008,英语,浅层推测情态词汇,72,typical_errors 第2条“否定推测误用 mustn't 而用 should 表许可意混淆”语句混乱不通（typical_errors 含错乱表述）,用情态动词对环保现状作推测时表达确定程度的用法。,你依据现状做轻量推测时可用 may、might、must、can't 等情态词表达不同的确定程度。比如 The problem may be serious 表示问题或许严重，must be 则表示极肯定。写环保分析时按依据可靠的强弱选择情态词，表达严谨客观，让你的判断容易被读者接受。,,
YY_WY_G1_B3_U1_009,英语,表达感谢与理解句型,72,typical_errors 第1条“感谢某事误把 Thank for 后误接句子而不加动名词”语句不通（typical_errors 表述混乱）,表达感谢理解与体谅他人处境的礼貌英语句型。,你拉近人际距离时可用 Thank you for understanding 感谢你的理解、I really appreciate it 我很感激、I see what you mean 我明白你的意思等句型。表达体谅可说 I understand how you feel。写致歉或感谢的信件时用这些句型传递情感，让语言显得真诚而体面。,,
YY_WY_G1_B3_U2_002,英语,过去虚拟主句结构,72,explanation 中“它与 from 从句的 had done 呼应”写错连接词，应为 if 从句（explanation 出现术语/连接词错误）,与过去事实相反虚拟句主句用 would have 加过去分词。,"与过去相反的虚拟句主句结果用 would have、could have 或 might have 加过去分词。比如 If I had gone, I could have met you 中 could have met 表本可能见到你。它与 from 从句的 had done 呼应。你只需注意主句保留 have 及分词形式，虚拟语气即完整成立。",,
YY_WY_G1_B6_U3_009,英语,定语从句中先行词的识别,72,example “The story ___ told us was true”解析“填 he/that”错误：he 是定语从句主语，并非省略的关系代词，解析混乱（example 解析混淆关系代词与从句主语）,先行词在从句中作宾语时关系代词可省略。,先行词是定语从句修饰的对象，识别它很关键。当关系代词在从句中作宾语时，常可省略。比如 the book I bought，I 后面省略了 that，因为 that 是 bought 的宾语。你判断能否省略，先看从句缺主语还是宾语，缺宾语就多数可省，缺主语则不能省。学会这个规则，阅读长难句更轻松。,,
YY_WY_G1_B6_U5_001,英语,主语从句的结构与判断,72,explanation 开头“主语从句就是主语从句”是车轱辘话，无信息量（explanation 含车轱辘话）,从句在句中作主语时，整个从句充当主语成分。,主语从句就是主语从句。它作主语时，句首可以是 what、that、whether 引导的连接词。比如 That he will come is clear，that 引导整个主语从句。你判断时问主句的谓语动词到底是谁发出的，如果这个发出来的是整个从句，那就是主语从句。识别出来了，改错填空就有方向。,,
YY_WY_G1_B6_U6_009,英语,所有格的省略与用法,72,explanation 表述混乱（“还有一个具体情况”“比多句子”等），typical_errors 也含“比多句子中的省略理解错误”这种错字（explanation 与 typical_errors 均含混乱表述）,名词后的所有格常省略修饰相同的名词。,当两个并列成分的物主对象相同时，后一个所有格的名词可以省略。比如 This pen is hers，还有一个具体情况，常见于比较句中。你看到这样的省略语部分，可以自动补全被省略的名词来理解。正确还原省略内容，阅读比较句和并列句时更准确。,,
ZZ_G1_B5_GZZ_003,政治,联合国的宗旨,72,definition 与 name 不匹配：name 是联合国的宗旨，definition 写的是联合国的地位（最具普遍性、代表性和权威性的国际组织），未点明宗旨（definition 没有回答名称所问的宗旨（维护国际和平与安全、促进国际合作与发展），学生看 definition 得不到本知识点核心内容。）,联合国是当今世界最具普遍性、代表性和权威性的国际组织。,联合国是当今世界最重要的国际组织。你要掌握：联合国1945年成立，总部设在美国纽约；其宗旨是维护国际和平与安全、促进国际合作与发展；安理会是联合国维护国际和平与安全的主要机构，中、法、俄、英、美是常任理事国。答题常考联合国的宗旨、安理会及常任理事国。,,
SW_G1_B1_JBJG_010,生物,细胞器之间的分工协作,72,typical_errors 空泛：'不会在生理过程中综合调用'未指向具体错误动作（首条典型错误停留在答题能力层面，缺乏可纠正的具体知识点）,各种细胞器分工不同又相互配合，共同完成细胞的生命活动。,细胞内的各种细胞器既分工又协作：线粒体供能，核糖体合成蛋白质，内质网加工，高尔基体分类包装，溶酶体分解衰老细胞器，液泡储存物质，中心体参与细胞分裂。你理解“分工协作”要放在具体生理过程中看，如分泌蛋白合成需要多种细胞器接力，植物细胞光合作用需要叶绿体。答题常考某一生理过程涉及哪些细胞器，把功能与结构对应起来作答。,,
SW_G1_B1_ZJXB_010,生物,显微镜成像与移动方向规律,72,explanation 有套话模板句：'你做题时先判断…两者结合才不会错'（解题套话模板句，缺乏实质内容）,显微镜下成倒像，物像移动方向与玻片移动方向相反，放大倍数由目镜乘物镜。,显微镜成的是倒立放大虚像，所以你看到物像在左下方，实际物体在右上方，要把物像移到中央就应向物像所在方向移动玻片。放大倍数等于目镜倍数乘以物镜倍数，且放大的是长度或宽度而不是面积。你做题时先判断倒像规律再算放大倍数，两者结合才不会错。注意低倍镜换高倍镜后，视野变小变暗，细胞数目减少而个体变大。,,
SX_B_G1_B1_DSBS_001,数学,等式的性质,72,explanation 有车轱辘话和套话（所有等号变形的依据、掌握了这些…才能保证恒成立 等填充句）（解释含多处填充套话，实质信息偏少）,等式两边同加、同乘、同除同一非零数后仍相等，且相等关系具有对称性与传递性。,等式的性质是所有等号变形的依据，你做题时每一步都依赖它。移项的本质是两边同加同一个数；两端同乘或同除时，除数一定要非零，否则结果可能出错。你还要会用对称性判断两边互换，用传递性把两个等式连起来。写理由时，说清楚“两边同乘非零常数”这类操作，而不是只写“显然”。掌握了这些，后面的方程和不等式的每一步才能保证恒成立。,,
SX_B_G1_B3_SJH_001,数学,任意角与象限角,72,typical_errors 有逻辑错误：负角在数轴上更靠左本质更大 方向说反，应为 更小（典型错误中 负角更靠左更大 方向说反）,角按旋转方向分为正角、负角和零角，终边位置决定象限归属。,你要把角从'静止的图形'升级成'旋转的过程'。逆时针旋转得到正角，顺时针得到负角，不旋转是零角，角度可以超过360°，也能是负的。判断一个角在哪个象限，要看它的终边落在哪：与x轴正方向重合的角不属于任何象限，只有终边真正落在某个象限内才算这个象限的角。遇到大角度时，先用360°整数倍把它化到0°到360°再判断，屡试不爽。,,
WL_G1_B5_CGQ_010,物理,传感器电路参数判断,72,"explanation 术语不当（""遮挡法""疑为错词）（""遮挡法""是非常规术语，学生看不懂）",根据敏感元件参量变化，用串并联规律判断电路各量变化。,传感器常常接在电路里，要你判断光强、温度或压力变化后电流表、电压表读数怎么变。你的思路要固定成三步：先确定敏感元件的阻值或参量怎么变，再用串并联关系推出干路电流和分压怎么变，再看电表所在支路得到读数。变化的方向都要结合具体电路判断，绝不能凭单个元件直接下结论。电源电动势和内阻不变是隐含前提，讨论变化趋势用遮挡法或整体局部结合往往更快。,,
WL_G1_B5_DCGY_021,物理,互感现象的产生,72,"explanation 学术黑话（""相链磁通量""难懂）（""相链磁通量""是晦涩术语，学生读不懂）",一个线圈变化的电流在另一线圈产生电动势。,互感是指一个线圈中的电流发生变化时，其变化磁场会在邻近的另一线圈中产生感应电动势的现象。变压器就是利用互感原理工作的。分析互感问题时，你要清楚变化的电流才引起互感电动势，恒定电流不会产生互感。判断互感电动势大小时，你要看相链磁通量的变化率。在解答时你先确定哪个线圈的电流在变化，再判断磁场如何变化，进而分析另一线圈的电动势与方向是否与电路结构相符。,,
WL_G1_B5_JBDL_007,物理,平均值的计算,72,"definition 表述不清（""平均值用磁通量变化率或电量来计算""）（定义句未说明是""平均电动势/平均电流""，指向不清）",平均值用交流电的磁通量变化率或电量来计算。,交变电流的平均值是指一段时间内电流对时间的平均大小，计算电荷量q等于平均电流反复乘以时间时，必须用平均值而不是有效值。对电磁感应瞬时表达式积分求得的平均值往往与最大值和有效值都不相等。你记清有效值用于计算热量和做功，而平均值的直接应用是求解通过导线的电荷量。,,
WL_G1_B6_FZDL_001,物理,物质由大量分子组成,72,"example 题干表述不清（选项A""一天气变冷""）（示例题干选项文字残缺，影响直接阅读）",物质是由大量分子组成的，分子间存在间隙。,你对“分子”要有宏观直觉：任何看得见摸得着的实物，包括固体、液体和气体，都是由数量极其巨大的分子堆积而成的。分子极小又是我们看不见的，所以必须把物质的宏观现象和分子的微观行为联系起来思考。只有承认分子确实存在且数量巨大，才能理解扩散、热胀冷缩等许多现象的微观根源，这是整个分子动理论的基础出发点。,,
SW_G1_B1_ZCFZ_007,生物,脱水缩合与肽链计算,73,explanation 有套话模板句：'公式要背熟并会套用'（结尾'背熟''套用'为填充废话，无实质内容）,氨基酸经脱水缩合形成肽键连接成肽链，n个氨基酸形成m条链脱去n减m个水。,氨基酸通过脱水缩合形成肽键相连：一个氨基酸的羧基与另一个氨基酸的氨基脱去一分子水形成肽键。你记计算公式：n个氨基酸形成m条肽链，脱去的水分子数等于形成的肽键数等于n减m；蛋白质的相对分子质量等于氨基酸数乘氨基酸平均相对分子质量减脱水数乘18。答题常考脱去水数、肽键数的计算以及蛋白质分子量变化，公式要背熟并会套用。,,
SW_G1_B1_ZCFZ_009,生物,核酸的种类与分布,73,explanation 有套话模板句：'说清…即可拿分'（结尾'即可拿分'为填充废话）,核酸分DNA和RNA两类，DNA主要分布在细胞核，RNA主要分布在细胞质。,核酸是细胞内携带遗传信息的物质，分为脱氧核糖核酸（DNA）和核糖核酸（RNA）两类。你记分布：DNA主要分布在细胞核中，线粒体、叶绿体内也含有少量DNA；RNA主要分布在细胞质中。真核细胞的DNA主要存在于染色体上，原核细胞无染色体，DNA集中在拟核。答题常考两类核酸的分布与判断，说清DNA在细胞核、RNA在细胞质即可拿分。,,
YY_WY_G1_B1_U3_008,英语,表示代际关系的表达,74,typical_errors 第2条“把 teenager 与 kid 忽义等同”出现生造词“忽义”，学生读不懂（typical_errors 含错别字表述）,描述长辈与晚辈之间代际关系与相处的英语表达。,你讨论与祖父母相处时会用到 generation 代、the elderly 老人、obey 听从、teenager 青少年等词。可以说 respect the elders 尊重长辈来说明代际礼仪。写明家庭成员层级时可用 grandparents、parents、children 表示三代人。注意 the old 这类泛指老人的表达用法，别与具体的老人单复数混淆。,,
YY_WY_G1_B1_U6_006,英语,过去分词的规则与不规则,74,typical_errors 第1条“不规则动词 see 误按其过去式 seen 重复加 ed”表述混乱（seen 是过去分词，且该条逻辑不清）（typical_errors 表述混乱、术语使用不严谨）,动词构成过去分词时规则加ed与不规则变化的对应规则。,你写现在完成时要用过去分词，规则动词一般加 ed，特殊性变化与过去式相关；不规则动词如 go 变 gone、see 变 seen 需靠记忆。写完成时句子时先确定动词属于规则还是不规则，规则按规律变化，不规则从清单检索。多积累 have done 结构，运用会更熟练。,,
YY_WY_G1_B2_U1_004,英语,询问饮食偏好的疑问句,74,typical_errors 第2条“特殊疑问词选错 while 具体询问对象造成错位”混入英文“while”，表述不通（typical_errors 含错乱表述）,用一般疑问及特殊疑问获取饮食偏好信息的句型结构。,你询问对方饮食偏好时可用一般疑问句如 Do you like ...? 或特殊疑问句如 What food do you enjoy?。一般疑问句回答是或否，特殊疑问句获取具体信息。写对话时先用 Do you 确认是否喜欢，再用 What 追问细节，配合 do 与行为动词原形，表达自然有礼貌。,,
YY_WY_G1_B2_U3_007,英语,描述运动动作的动词,74,typical_errors 第2条“训练 train 后误接原形而应区分配 as 结构”表述混乱，“区分配 as”不通（typical_errors 含错乱表述）,描述参与运动与训练锻炼动作的常用动词及搭配。,你描述运动动作时常用 train 训练、practise 练习、score 得分、kick 踢、jump 跳等动词。比如 train hard for the race 为比赛刻苦训练，score a goal 进了一球。第三短语宾语搭配要准确。写运动经历作文时用这类动词刻画动作细节让叙述生动。,,
YY_WY_G1_B2_U3_010,英语,表示目的与原因的表达,74,typical_errors 第1条“表目的误用使 for 介词而好用 to 不定式更贴切”语句不通顺（typical_errors 表述混乱）,用不定式或介词短语表达运动出行动机的表达方式。,你说做某事的目的或原因时可用 to 不定式表示目的，如 I go jogging to keep healthy 表示我晨跑去保持健康。也可用 for 介词短语说明缘故。写运动理由时用 to do 明确目的，配合承接句让行文自然。分清目的与结果，目的常用不定式表达更贴合。,,
YY_WY_G1_B2_U5_006,英语,旅行路行主题词汇,74,typical_errors 第2条“游客 tourist 误把 tour 与旅游 tour 混淆词性”自我重复且表述不清（typical_errors 含自指无意义表述）,描述旅途与出行的核心英语词汇。,你谈论旅行会用 journey 旅程、destination 目的地、tourist 游客、sightseeing 观光、luggage 行李等词。可说 a long journey 漫长的旅程，visit the scenic spot 参观景点。记忆时可把表达路途的与表达观光的词分组归类，写旅行游记时按闯关顺序调用既清晰又有层次。,,
YY_WY_G1_B2_U6_011,英语,表达环保倡议的句型,74,typical_errors 第2条“the high time to 结构中漏掉 to”表述错乱（应为 it's high time），且该结构与 to 不定式无关（typical_errors 表述错误）,就保护环境提出建议倡议的多种句型使用方式。,你发出环保倡议可用 Let's... 提议、Why not...? 建议、we should 表达应当、it's high time to... 到了该做的时候等句型。比如 Let's protect the environment 让我们保护环境。写倡议书时依次用这些句式给出行动号召，语气亲切又有推动力，让人愿意响应你的呼吁。,,
YY_WY_G1_B3_U1_005,英语,if 从句省略的倒装虚拟,74,typical_errors 第2条“把 does 或 did 倒装而违反虚拟倒装规则”与其他条重复混乱，表述不清晰（typical_errors 含错乱表述）,省略 if 采用 were 提前构成倒装虚拟条件句的句法结构。,你偶尔在正式书面中把 if 省略，改用 were 提到句首构成倒装虚拟句，比如 Were I you 等于 If I were you。这一结构更书面化、正式。用法主要是把 were、had 等助动词提前。写正式书信表达建议时恰当运用倒装虚拟句，能提升表达的品位与严谨度。,,
YY_WY_G1_B3_U3_009,英语,科学家品质与贡献词汇,74,explanation 中“用deventh a lot to结构”出现乱码/错词“deventh”，应为 devote（explanation 含乱码错词）,描述科学家探索精神、研究态度与成果意义的关键形容词和动词。,介绍科学家时常用brilliant杰出的、devoted献身的、curious好奇的、persistent坚持的这类形容词，搭配makeadifference产生影响、contribute对什么做贡献等词组。表达成果时用achievement成就、pioneer开辟。你积累这些词后，既能读懂人物传记，也能在写作里用deventh a lot to结构描述贡献。,,
YY_WY_G1_B3_U5_001,英语,过去分词作时间状语,74,typical_errors 第1条“把过去分词主动义的词误用，Time was等结构混乱”语句不通（typical_errors 表述混乱）,用过去分词短语表示动作发生时间，句首常伴when once等词的用法。,过去分词作时间状语，相当于时间状语从句的省略形式，比如Seen from the hill 相当于 When it is seen from the hill。作状语时它表示被动或已完成，主语就是句子的主干主语。你判断时先确认动作是被动的，再看它和主句动作的时间先后，就能准确选用过去分词来表达时间。,,
YY_WY_G1_B5_U2_002,英语,同位语从句whether引导,74,explanation 中“although在多数名词性从句中不能替代whether”写错词，应为 if，导致表述不通（explanation 连接词用错）,同位语从句表达是否时用whether引导而不用if的用法。,同位语从句中表示是否用whether引导，不用if，如the question whether he will come。although在多数名词性从句中不能替代whether，只有宾语从句在某条件下才可用if。你看到中心名词性的同位语从句表达是否，直接用whether最保险，不引入if歧义。,,
YY_WY_G1_B7_U5_011,英语,未知神秘的表达,74,typical_errors 第1条“curiosity 与 curiosity 拼写混淆”自我重复，无实际指向（typical_errors 含自指无意义表述）,表达神秘未知氛围的词汇。,表达未知和神秘的语境，这些词很有用。mysterious 神秘的、unexplained 无法解释的、curiosity 好奇心、explore the unknown 探索未知。这些词常出现在悬疑和冒险文章里。你写作营造悬念时用它们，能增强气氛。比如 curiosity drives us to discover 好奇心促使我们去发现。,,
SW_G1_B1_WZSR_001,生物,渗透作用发生的条件,74,explanation 有套话模板句：'抓住…两个条件即可'（结尾套话复述已述内容，无新信息）,渗透作用需要半透膜和膜两侧的浓度差两个条件，水分子从低浓度侧流向高浓度侧。,渗透作用是指水分子（或其他溶剂分子）通过半透膜的扩散。你记它发生的两个条件：一是存在半透膜，二是半透膜两侧的溶液具有浓度差。水分子总是从溶质浓度低的一侧向浓度高的一侧移动，直到两侧浓度差消失。答题常考判断某情境能否发生渗透作用，或者水分子移动方向的判断，抓住“浓度差”和“半透膜”两个条件即可。,,
SW_G1_B1_ZJXB_003,生物,细胞学说的科学意义,74,typical_errors 空泛：'审题时把意义题当成复述题'偏审题套话（典型错误未指向具体知识点错误，偏答题技巧）,揭示了动物和植物的统一性，说明生物体结构的统一性，促进生物学发展。,细胞学说的意义在于：它揭示了动物和植物在结构上的统一性，从而阐明了生物界的统一性；它把生物学的研究从宏观带入微观细胞水平，为后来细胞器、细胞分裂等研究奠定基础；它还催生了进化论，因为细胞统一性说明生物有共同的祖先。你答意义题时别只背结论，要说明它“为什么重要”，即从个体到细胞、从割裂到统一的认识飞跃。,,
SW_G1_B1_ZJXB_009,生物,高倍显微镜的使用步骤,74,explanation 有套话模板句：'答出…三要素即可得分'（结尾'即可得分'为填充废话）,低倍镜找到目标并移至视野中央，转动转换器换高倍镜，再调节细准焦螺旋。,使用高倍镜的标准流程你要背熟：先在低倍镜下找到物像并移到视野中央，转动转换器换用高倍物镜，然后调节细准焦螺旋使物像清晰。记住换高倍镜后不能用粗准焦螺旋，否则易压坏玻片；如果视野偏暗，可调大光圈或换凹面镜。考试常考“为什么必须先低倍后高倍”和换镜后的操作，答出物像移中、转换器、细准焦三要素即可得分。,,
WL_G1_B1_XHZL_016,物理,力的分解方法,74,example 题干不完整：'10N力沿竖直方向分解'缺角度条件，解析'看夹角求'空泛（例子题干缺条件、解析未给出具体求法）,一个力可按需沿两个方向分解为分力，分解不是唯一。,力的分解是合成的逆运算，把一个力按某个平行四边形拆成两个分力。由于给定了合力却没有指定另一条对角线和邻边的方向，一个力可以有无数组分解方式，所以分解要根据实际需要选取方向才唯一。最常见的做法是按力的作用效果来分解，或者用正交分解法分解到互相垂直的两个方向上。你分力时要注意，分力不是新出现的力，只是对原力效果的另一种表示，受力分析不能把分力和原力都画上去。,,
WL_G1_B1_YDMS_006,物理,平均速度与平均速率,74,explanation 有套话：'区分这两个概念是本章高频考点'属填充性表述（解释以'本章高频考点'开场，属套话）,平均速度等于位移与对应时间之比(矢量)，平均速率等于路程与时间之比(标量)。,区分这两个概念是本章高频考点。平均速度用总位移除以总时间，方向与位移方向一致；平均速率用总路程除以总时间，没有方向。只有在单向直线运动中两者大小才相等。你常犯的错是把往返或曲线运动中的平均速率当成平均速度，或直接把前后两段速度取算术平均得到错误的平均速度。记住平均速度只看初末位移，不看中间怎么走。,,
WL_G1_B2_WYYL_008,物理,天体表面重力加速度,74,explanation 有套话：'这是高考常考模型'属填充性表述（解释以'高考常考模型'结尾，属套话）,天体表面的重力加速度由该天体质量与半径决定，可用万有引力求出。,如果你站在某颗天体（例如火星）表面，你的重力mg近似等于天体对你的万有引力GMm除以R方，从而得到该天体表面的重力加速度g等于GM除以R方。可见g由天体自身的质量M和半径R决定，与观察者自身的质量无关。同一个物体在质量大、半径小的天体上会显得更重。你要是知道地球与火星的M、R之比，就能快速算出火星表面重力加速度与地球之比，这是高考常考模型。,,
DL_ZT_G1_B1_ZRYS_004,地理,地质作用与地貌,75,prerequisites 硬凑：前置引用为大气受热过程（大气圈），与本条地质作用与地貌（岩石圈）领域完全不同（前置知识点跨圈层引用明显不相关）,内力作用使地表高低不平，外力作用使地表趋于平坦，共同塑造地表形态。,地质作用你分内外力记：内力作用来自地球内部，包括地壳运动、岩浆活动和变质作用，形成高山、盆地、火山；外力作用来自太阳能和重力，包括风化、侵蚀、搬运、堆积，如流水侵蚀形成峡谷、风力堆积形成沙丘。答题常考内外力作用与地貌形态的对应。,,
LS_G1_B1_XSD_001,历史,中国特色社会主义新时代,75,typical_errors “把新时代开始的标志误写成中共十九大，忽略是中共十八大”有误：统编教材表述为十九大（2017年）指出“中国特色社会主义进入新时代”，宣告/标志是十九大而非十八大（对“进入新时代”标志的会议归属判断与统编教材表述相悖）,中共十八大后中国特色社会主义进入新时代，我国发展站到新的历史方位。,2012年中共十八大以来，以习近平同志为核心的党中央团结带领全国各族人民，推动党和国家事业取得历史性成就、发生历史性变革，中国特色社会主义进入新时代。你要理解“新时代”的判断依据：我国社会主要矛盾已经转化为人民日益增长的美好生活需要和不平衡不充分的发展之间的矛盾。答题常考“新时代”的提出时间、历史方位判断和主要矛盾的变化，这三点是掌握本单元的逻辑起点。,,
SW_G1_B1_ZJXB_011,生物,细胞的多样性与统一性,75,typical_errors 空泛：'只答概念不举实例'偏答题技巧套话（典型错误偏答题技巧而非具体知识错误）,不同生物细胞形态结构各异体现多样性，都有细胞膜、细胞质、核糖体等体现统一性。,细胞既有多样性又有统一性。多样性表现在：不同生物、不同组织的细胞形态、大小、功能各不相同，如神经细胞有突起、红细胞呈圆饼状。统一性表现在：真核细胞和原核细胞都具有细胞膜、细胞质、核糖体等结构，都以DNA作为遗传物质。你答这类题要举出具体的相同点与不同点，只说“有差异又有共性”太笼统，得分点在列举实例上。,,
WL_G1_B1_YDHL_019,物理,物理学史的牛顿定律建立,75,explanation 有套话：'考试常考理想斜面实验的推理过程和相关科学家的贡献对应关系'属填充性表述（解释末尾'考试常考…'为套话模板句）,牛顿定律建立在伽利略、笛卡尔等前人研究基础上。,牛顿第一定律不是牛顿凭空想出来的，它建立在伽利略对理想斜面实验的推理之上，伽利略提出力不是维持运动原因的观点，笛卡尔补充了运动不变量思想，牛顿把它们总结成定律。你理解这段历史，就能更清楚惯性定律的本质来源，也明白为什么它不能用实验直接证明而要依靠理想推理。考试常考理想斜面实验的推理过程和相关科学家的贡献对应关系。,,
WL_G1_B6_QTYT_015,物理,液体的表面张力,75,"explanation 表述不清（表面张力方向描述绕口，且句末全角句号）（方向描述""沿表面切面，垂直作用于分界线""绕口，句末有全角句号残留）",液体表面层分子稀疏而产生使液面收缩的力叫表面张力。,表面张力源于液体表面层分子间距较大，分子间表现为引力，使液体表面具有收缩到最小面积的趋势。你观察到的现象：露珠呈球形、小昆虫在水面站立、吹出的肥皂泡、水面的针能浮起，都可用表面张力解释。表面张力方向沿液体表面切面，垂直作用于液面的分界线上。答题时你用分子间距大、引力为主解释收缩趋势，举露珠球形等实例判断表面张力．,,
LS_G1_B1_KZ_012,历史,战略反攻与三大战役,76,explanation “你学生会消化辽沈、淮海、平津三大战役”语句不通，疑为“你要理解/掌握”；explanation “先有反攻的安徽方向挺进”表述不准，大别山位于鄂豫皖交界，并非“安徽方向”；typical_errors “挺进大别山批下时间”中“批下”为错字，应为“的时间”（explanation 多处语病且地理位置表述不准确）,1947年战略反攻开始，辽沈淮海平津三大战役基本消灭国民党主力。,1947年刘邓大军挺进大别山，揭开战略进攻的序幕，此为核心转折。随后1948年9月到1949年初，你学生会消化辽沈、淮海、平津三大战役，共歼敌上百万，基本消灭国民党军队主力，国民党统治已面临覆灭。这三场战役各有重点，可结合地图与作战特点快速记忆。掌握这条线时不要把战略反攻与三大战役的时间顺序搞反，先有反攻的安徽方向挺进，才有三大战役的决胜之战。,,
YY_WY_G1_B1_U2_012,英语,识别语言中的词义多变,76,example 题干“course 有时指课程有时表当然”不是完整例句而是说明文字；typical_errors 第3条表述含混（example 题干不完整且 typical_errors 表述含糊）,识别英语中一词多义并依据语境选择正确含义的能力。,你读文章时常发现一个词在不同的句子含义不同，比如 course 可指课程，也指当然 of course 中的语气词。这要求你细读上下文来判断该词此处想表达的意思。做词义判断题时，先把该词在句中带进去通读，看哪种含义让句子通顺。积累一词多义能大幅提升你的阅读速度。,,
YY_WY_G1_B3_U3_011,英语,非谓语与被动语态结合,76,explanation 中“可bedone作定语name或状语”混入乱码“name”，语句不通（explanation 含乱码错词）,现在分词being加过去分词或不定式被动，表达被动进行的结构。,当被动还伴随进行或做成分功能时，你要用非谓语的被动形式。正在进行用being加过去分词，如Thehouseistobeingreviewed；表将来或目的用tobepublished这类不定式被动。此外还可用bedone作定语name或状语强调整体的被动。你区分主动非谓语与被动的形态差异，清晰度至关重要。,,
YY_WY_G1_B3_U5_008,英语,挑战与克服困难词汇,76,typical_errors 第1条“把determination误写成determined，词性混淆”表述不清（determined 并非 determination 的拼写错误）（typical_errors 表述含糊）,表达面对挑战、克服障碍与坚定意志的重要动词和名词。,讲述冒险经历的困难时你用overcome克服、challenge挑战、perseverance毅力、determination决心、desperate绝望、obstacles障碍这些词。先从要不要放弃的困惑写起，再写如何鼓起勇气坚持坚持到底。使用determination后接介词to do的形式，能清晰表达坚决做某事的决心。,,
YY_WY_G1_B5_U3_008,英语,数字智能技术词汇,76,typical_errors 第1条“把smartphone漏掉拼接为smartphoneer”表述不清（typical_errors 表述含糊）,描述人工智能、智能手机与智能设备应用的常用名词与动词。,智能生活离不开smartphone智能手机、AI人工智能、device设备、connect连接、automate自动化、intelligently智能地这些词。表达智能设备自动化用automate tasks，说明随身携带用carry a smartphone。你把这些融入科技话题，能更具体描述生活中智能技术的方方面面。,,
YY_WY_G1_B6_U2_008,英语,匠心职业主题词汇,76,explanation 中“最后记住 n 形容词 dedicated 敬业的心”语句不通，含乱码“n 形容词”（explanation 含乱码错词）,涵盖工匠技艺与职业敬业的主题词汇。,本单元谈匠心与职业，这些词汇你要成套掌握。先记 craft 手艺、artisan 工匠、occupation 职业这类名词，再补充 devote 投入、master 掌握等动词，最后记住 n 形容词 dedicated 敬业的心。读工匠人物传记或职业介绍时，先抓这些关键词，再把握人物的敬业精神，文章脉络就清晰了。,,
YY_WY_G1_B7_U5_001,英语,综合运用多种从句,76,typical_errors 第3条“多从句并存时快速跳跃导致目不接”出现生造词“目不接”（typical_errors 含错别字表述）,在综合语篇中合理解读多种从句。,一篇综合语篇里，往往会同时出现名词性从句、定语从句和状语从句。你阅读时要先分清每一类从句的功能，名词从句当名词用，定语从句修饰名词，状语从句表时间原因等。判断时看连接词和从句在句中的位置。综合运用这些知识，长与复杂的文章就能读懂。,,
DL_RJ_G1_B1_DM_001,地理,喀斯特地貌的特征,78,explanation 含模板套话'答题常考'结尾句（结尾'答题常考…'为库级统一模板套话，机械复述前文、无教学增量，需改写去除。）,喀斯特地貌是流水对可溶性岩石的溶蚀和淀积作用形成，包括溶洞石林峰林等。,喀斯特地貌是在流水溶蚀作用下形成的地貌，你记形成条件：岩石具有可溶性，主要是石灰岩；水具有溶蚀力，湿热气候降水丰富。地表喀斯特地貌包括石林、峰林、溶沟、洼地，地下喀斯特地貌包括溶洞、地下河、石钟乳、石笋。答题常考喀斯特地貌的分布地区（我国西南地区）与溶洞景观的形成过程。,,
DL_RJ_G1_B1_DM_002,地理,河流侵蚀地貌,78,explanation 含模板套话'答题常考'结尾句（结尾'答题常考…'为库级统一模板套话，机械复述前文、无教学增量，需改写去除。）,河流侵蚀地貌包括V形谷和槽形谷，上游以下蚀为主，中下游以侧蚀为主。,河流侵蚀地貌你按河段记：河流上游落差大、水流急，下蚀作用强，形成V形谷；中下游河床变宽，侧蚀作用增强，河道弯曲，河谷展宽形成槽形谷；河流溯源侵蚀使河流向源头方向延伸。答题常考V形谷与槽形谷的河段对应，以及侵蚀方式随河段变化。,,
DL_RJ_G1_B1_DM_003,地理,河流堆积地貌,78,explanation 含模板套话'答题常考'结尾句（结尾'答题常考…'为库级统一模板套话，机械复述前文、无教学增量，需改写去除。）,河流堆积地貌包括冲积扇、河漫滩和三角洲，泥沙在流速减慢处堆积形成。,河流堆积地貌你按位置记三种：冲积扇位于河流出山口，泥沙因流速骤减堆积成扇状堆积体；河漫滩位于河流中下游河道两侧，洪水期被淹没堆积形成；三角洲位于河流入海口，泥沙在河口堆积形成。堆积地貌形成条件是泥沙来源丰富、流速减慢。答题常考堆积地貌位置与形成条件的对应。,,
DL_RJ_G1_B1_DQDQ_001,地理,大气垂直分层特点,78,explanation 含模板套话'答题常考'结尾句（结尾'答题常考…'为库级统一模板套话，机械复述前文、无教学增量，需改写去除。）,大气自下而上分为对流层、平流层和高层大气，各层温度变化与运动特点不同。,大气垂直分层你按从下到上记三层：对流层高度最低，气温随高度增加而降低，对流运动显著，天气现象复杂多变，与人类关系最密切；平流层气温随高度升高而升高，大气以水平运动为主，利于高空飞行，含臭氧层；高层大气气温先降后升，电离层能反射无线电波。答题常考各层特点与人类活动的关系。,,
DL_RJ_G1_B1_DQDQ_002,地理,大气对太阳辐射的削弱,78,explanation 含模板套话'答题常考'结尾句（结尾'答题常考…'为库级统一模板套话，机械复述前文、无教学增量，需改写去除。）,大气通过吸收、反射和散射削弱太阳辐射，散射使天空呈蔚蓝色。,大气对太阳辐射的削弱作用你记三种方式：吸收作用，臭氧吸收紫外线、水汽和二氧化碳吸收红外线；反射作用，云层和较大尘埃反射太阳辐射，阴天白天温度较低；散射作用，空气分子把太阳辐射向四面八方散射，蓝光散射最多使天空呈蔚蓝色。答题常考削弱方式与现象的对应，如日出日落天空呈红色。,,
DL_RJ_G1_B1_DQDQ_003,地理,大气对地面的保温作用,78,explanation 含模板套话'答题常考'结尾句（结尾'答题常考…'为库级统一模板套话，机械复述前文、无教学增量，需改写去除。）,地面辐射是大气增温的直接热源，大气逆辐射把热量还给地面起保温作用。,大气保温作用的过程你理清热力链条：太阳辐射大部分穿过大气到达地面，地面吸收后升温并向外辐射地面辐射；大气吸收地面辐射后增温，再以大气逆辐射形式把热量返还地面，从而减少地面热量散失。你记结论：地面是近地面大气主要、直接的热源，大气逆辐射起保温作用，多云的夜晚大气逆辐射强。答题常考保温作用原理的应用，如温室效应。,,
DL_RJ_G1_B1_DQDQ_004,地理,热力环流的形成原理,78,explanation 含模板套话'答题常考'结尾句（结尾'答题常考…'为库级统一模板套话，机械复述前文、无教学增量，需改写去除。）,地面冷热不均引起空气垂直运动，导致同一水平面气压差异，形成热力环流。,热力环流是大气运动最简单的形式，你记形成过程：地面受热多的地方空气膨胀上升，近地面形成低压、高空形成高压；地面受热少的地方空气收缩下沉，近地面形成高压、高空形成低压；同一水平面上气压差异促使空气从高压流向低压，形成闭合环流。答题常考等压面的弯曲方向，高压处等压面向高空凸起。,,
DL_RJ_G1_B1_DQDQ_005,地理,风的方向与等压线,78,explanation 含模板套话'答题常考'结尾句（结尾'答题常考…'为库级统一模板套话，机械复述前文、无教学增量，需改写去除。）,水平气压梯度力是形成风的直接原因，风向受地转偏向力和摩擦力影响。,风的形成你抓三个力：水平气压梯度力是形成风的直接动力，方向垂直于等压线由高压指向低压；地转偏向力使风向偏转，北半球右偏南半球左偏；摩擦力减小风速并影响风向。近地面风受三个力作用，风向斜穿等压线；高空风只受气压梯度力和地转偏向力，风向与等压线平行。答题常考风向判断与等压线疏密反映风速大小。,,
DL_RJ_G1_B1_DQDQ_006,地理,气压带风带的分布,78,explanation 含模板套话'答题常考'结尾句（结尾'答题常考…'为库级统一模板套话，机械复述前文、无教学增量，需改写去除。）,全球形成七个气压带和六个风带，赤道低气压带由热力原因形成。,全球气压带风带你记分布规律：赤道低气压带和极地高气压带由热力原因形成，副热带高气压带和副极地低气压带由动力原因形成。气压带风带随太阳直射点南北移动，北半球夏季北移、冬季南移。风带中低纬信风带、中纬西风带风向受地转偏向力影响。答题常考气压带成因分类与风带风向。,,
DL_RJ_G1_B1_DQDQ_007,地理,季风环流的形成,78,explanation 含模板套话'答题常考'结尾句（结尾'答题常考…'为库级统一模板套话，机械复述前文、无教学增量，需改写去除。）,东亚季风由海陆热力性质差异形成，南亚季风还受气压带风带季节移动影响。,季风环流你记成因与风向：东亚季风主要由海陆热力性质差异引起，冬季盛行西北风寒冷干燥，夏季盛行东南风温暖湿润；南亚夏季风除海陆差异外还受气压带风带季节移动影响，夏季风更强。季风气候的特点是夏季高温多雨、雨热同期，有利于农业生产。答题常考季风成因与冬夏季风风向。,,
DL_RJ_G1_B1_DQDQ_008,地理,常见天气系统,78,explanation 含模板套话'答题常考'结尾句（结尾'答题常考…'为库级统一模板套话，机械复述前文、无教学增量，需改写去除。）,冷锋、暖锋、气旋和反气旋是常见天气系统，冷锋带来大风降温雨雪天气。,常见天气系统你记三类：锋面系统，冷锋过境时常出现大风、降温、雨雪天气，如寒潮；暖锋过境后气温升高、天气转晴。低压（气旋）系统中心气流上升，多阴雨天气，如台风；高压（反气旋）系统中心气流下沉，多晴朗天气，如长江流域伏旱。答题常考锋面过境前后的天气变化及气旋反气旋的气流与天气。,,
DL_RJ_G1_B1_DQDQ_009,地理,气候类型的成因与分布,78,explanation 含模板套话'答题常考'结尾句（结尾'答题常考…'为库级统一模板套话，机械复述前文、无教学增量，需改写去除。）,气候类型由太阳辐射、大气环流、下垫面和人类活动等因素共同影响形成。,气候类型的成因你抓主导因素：太阳辐射决定热量带的分布；大气环流影响降水的分布，如受副热带高压控制降水少形成热带沙漠气候，受西风控制降水多形成温带海洋性气候；下垫面包括海陆位置、地形、洋流等影响气候差异。答题常考气候类型与成因的对应，如地中海气候受副高和西风带交替控制。,,
DL_RJ_G1_B1_DQSD_001,地理,水循环的过程与环节,78,explanation 含模板套话'答题常考'结尾句（结尾'答题常考…'为库级统一模板套话，机械复述前文、无教学增量，需改写去除。）,水循环包括蒸发、水汽输送、降水、下渗、径流等环节，分为海陆间循环等类型。,水循环你记三大类型与环节：海陆间循环是最重要的循环，包括蒸发、水汽输送、降水、地表径流、下渗、地下径流等环节，使陆地水得到补充更新；陆地内循环发生在陆地上空与陆地之间；海上内循环发生在海洋上。人类活动主要影响地表径流，如修建水库、跨流域调水。答题常考环节名称与人类活动影响的环节。,,
DL_RJ_G1_B1_DQSD_002,地理,水循环的地理意义,78,explanation 含模板套话'答题常考'结尾句（结尾'答题常考…'为库级统一模板套话，机械复述前文、无教学增量，需改写去除。）,水循环维持全球水量平衡，更新陆地淡水资源，塑造地表形态并促进物质迁移。,水循环的地理意义你记四点：使陆地水不断得到补充和更新，维持全球水量平衡；促进地球上各种水体的更新，是海陆间联系的纽带；通过径流和流水侵蚀搬运塑造地表形态；促进物质迁移和能量交换，如水流搬运泥沙。答题常考水循环对淡水更新的意义以及水量平衡的维持。,,
DL_RJ_G1_B1_DQSD_003,地理,海水温度的分布规律,78,explanation 含模板套话'答题常考'结尾句（结尾'答题常考…'为库级统一模板套话，机械复述前文、无教学增量，需改写去除。）,海水温度随纬度增高而降低，同一海区夏季高于冬季，受洋流影响而有差异。,海水温度的分布规律你从三方面记：水平分布上，表层海水温度从赤道向两极递减，主要受太阳辐射影响；垂直分布上，随深度增加而降低，深层海水温度变化小；时间分布上，同一海区夏季水温高于冬季。此外暖流经过的海区水温偏高，寒流经过的海区水温偏低。答题常考温度分布与太阳辐射、洋流的关系。,,
DL_RJ_G1_B1_DQSD_004,地理,海水盐度的分布规律,78,explanation 含模板套话'答题常考'结尾句（结尾'答题常考…'为库级统一模板套话，机械复述前文、无教学增量，需改写去除。）,海水盐度从副热带海区向高低纬递减，影响盐度的因素有蒸发降水河流入海等。,海水盐度的分布你抓规律与影响因素：表层海水盐度从副热带海区向赤道和两极递减，因为副热带海区蒸发量大降水少盐度高，赤道海区降水多盐度相对较低。影响盐度的因素包括蒸发量与降水量关系、河流入海淡水、洋流以及海域封闭程度。答题常考盐度曲线高低值的位置及成因分析。,,
DL_RJ_G1_B1_DQSD_005,地理,洋流的分类与成因,78,explanation 含模板套话'答题常考'结尾句（结尾'答题常考…'为库级统一模板套话，机械复述前文、无教学增量，需改写去除。）,洋流分暖流和寒流，按成因分为风海流、密度流和补偿流。,洋流你分两个维度记：按性质分为暖流（从水温高的海区流向水温低的海区）和寒流（从水温低的海区流向水温高的海区）；按成因分为风海流，由盛行风吹拂形成，如西风漂流；密度流，由海水密度差异形成，如直布罗陀海峡洋流；补偿流，由海水流失补充形成，如秘鲁寒流。答题常考洋流性质判断与成因分类。,,
DL_RJ_G1_B1_DQSD_006,地理,世界洋流分布规律,78,explanation 含模板套话'答题常考'结尾句（结尾'答题常考…'为库级统一模板套话，机械复述前文、无教学增量，需改写去除。）,中低纬海区形成以副热带为中心的反气旋型洋流，北半球顺时针南半球逆时针。,世界洋流分布你抓两条规律：中低纬海区形成以副热带海区为中心的大洋环流，北半球呈顺时针方向、南半球呈逆时针方向，大陆东岸为暖流西岸为寒流；中高纬海区以副极地为中心的大洋环流，北半球呈逆时针，大陆东岸为寒流西岸为暖流。答题常考洋流方向与寒暖流分布判断。,,
DL_RJ_G1_B1_DQSD_007,地理,洋流对地理环境的影响,78,explanation 含模板套话'答题常考'结尾句（结尾'答题常考…'为库级统一模板套话，机械复述前文、无教学增量，需改写去除。）,洋流影响沿岸气候，暖流增温增湿寒流降温减湿，还影响渔场分布和航行。,洋流的地理影响你记四个方面：气候上，暖流对沿岸增温增湿，如北大西洋暖流使西欧温和湿润；寒流降温减湿，如秘鲁寒流使南美西海岸干燥。渔场上，寒暖流交汇处或上升流海区形成渔场，如北海道渔场、纽芬兰渔场、秘鲁渔场。此外洋流影响海洋航行速度和污染物扩散。答题常考渔场成因与气候影响。,,
DL_RJ_G1_B1_DQSD_008,地理,海水的运动形式,78,explanation 含模板套话'答题常考'结尾句（结尾'答题常考…'为库级统一模板套话，机械复述前文、无教学增量，需改写去除。）,海水运动形式包括波浪、潮汐和洋流，潮汐由月球和太阳引力引起。,海水运动你记三种形式：波浪是海水在风力等作用下形成的起伏运动，海浪对海岸有侵蚀作用；潮汐是海水在月球和太阳引力作用下发生的周期性涨落，一天两次涨落，大潮出现在朔望时；洋流是海水常年大规模流动。答题常考潮汐成因与大潮小潮的时间，以及波浪的侵蚀作用。,,
DL_RJ_G1_B1_YZDQ_001,地理,天体系统的层次结构,78,explanation 含模板套话'答题常考'结尾句（结尾'答题常考…'为库级统一模板套话，机械复述前文、无教学增量，需改写去除。）,天体系统由低级到高级分为地月系、太阳系、银河系、可观测宇宙，地球属太阳系。,宇宙中的天体相互吸引、相互绕转，形成天体系统。你按从低级到高级的顺序记：地月系（地球与月球）→太阳系（太阳、行星及卫星等）→银河系（太阳系所在星系）→可观测宇宙。地球是太阳系中的一颗行星，太阳系又是银河系的一部分。答题常考天体系统的层次排序以及地球所属的天体系统层级。,,
LS_G1_B1_GG_002,历史,家庭联产承包责任制,78,explanation 含模板套话'答题常考'结尾句（结尾'答题常考…'为库级统一模板套话，机械复述前文、无教学增量，需改写去除。）,农村改革中实行包干到户，调动农民生产积极性的经营制度。,改革开放首先从农村开始，安徽凤阳小岗村率先实行“包干到户”，进而发展为家庭联产承包责任制，在坚持土地集体所有的前提下，把经营权交给农户。你要理解它的实质：没有改变土地公有性质，只是改革经营方式，把农民劳动与收益直接挂钩，极大地调动了生产积极性、解放了农村生产力。答题常考它“包产到户”的形式和“土地仍归集体所有”这一易错点，务必分清所有权与经营权。,,
LS_G1_B1_GG_003,历史,城市经济体制改革,78,explanation 含模板套话'答题常考'结尾句（结尾'答题常考…'为库级统一模板套话，机械复述前文、无教学增量，需改写去除。）,以增强企业活力为中心，扩大企业经营自主权的城市改革。,农村改革取得成效后，改革重点转向城市。1984年城市经济体制改革全面展开，中心环节是增强企业活力，通过扩大企业经营自主权、实行多种所有制经济共同发展，改变过去高度集中的计划经济管理体制。你要理解城市改革的关键是“放权让利”，让企业从政府附属物变成自主经营的市场主体。答题常考改革中心环节、所有制结构的调整，以及它与农村改革共同构成对内搞活的两翼。,,
LS_G1_B1_GG_004,历史,经济特区的设立,78,explanation 含模板套话'答题常考'结尾句（结尾'答题常考…'为库级统一模板套话，机械复述前文、无教学增量，需改写去除。）,1980年起设立深圳等经济特区，作为对外开放的窗口和试验田。,1980年我国在深圳、珠海、汕头、厦门设立经济特区，1988年又增设海南经济特区。你要理解经济特区的功能：它不是政治特区，而是在经济上实行特殊政策、灵活措施，引进外资、先进技术和管理经验的“窗口”与“试验田”。深圳从边陲小镇发展为现代化都市是成功的缩影。答题常考特区的时间、名称，以及“窗口、试验田”的定位，特别注意特区仍坚持社会主义制度，不是租界。,,
LS_G1_B1_GG_005,历史,对外开放格局的形成,78,explanation 含模板套话'答题常考'结尾句（结尾'答题常考…'为库级统一模板套话，机械复述前文、无教学增量，需改写去除。）,由经济特区到沿海开放城市再到内地，形成全方位多层次宽领域格局。,我国对外开放是渐进推进的：从经济特区起步，接着开放沿海港口城市，建立沿海经济开放区，再扩展到沿江、沿边和内陆省会城市，最终形成全方位、多层次、宽领域的对外开放格局。你要记住这个“由点到线、由线到面”的推进顺序，它是我国对外开放的鲜明特点。答题常考格局的表述“全方位、多层次、宽领域”，以及特区—沿海开放城市—沿海经济开放区—内地这一递进层次。,,
LS_G1_B1_GG_006,历史,经济体制目标确立,78,explanation 含模板套话'答题常考'结尾句（结尾'答题常考…'为库级统一模板套话，机械复述前文、无教学增量，需改写去除。）,1992年中共十四大明确提出建立社会主义市场经济体制的目标。,1992年中共十四大明确提出我国经济体制改革的目标是建立社会主义市场经济体制。你要理解这一目标的意义：它把社会主义制度与市场经济结合起来，突破了把计划经济等同于社会主义的传统观念，是改革开放的重大突破。答题常考十四大提出的这一目标，以及它与后来确立市场经济基本框架、加入世贸组织之间的递进关系。记住“社会主义”与“市场经济”两者不是对立而是可以结合，这是理解中国道路的关键。,,
LS_G1_B1_GG_009,历史,香港澳门的回归,78,explanation 含模板套话'答题常考'结尾句（结尾'答题常考…'为库级统一模板套话，机械复述前文、无教学增量，需改写去除。）,1997年香港、1999年澳门相继回归祖国，洗雪了百年国耻。,1997年7月1日中国恢复对香港行使主权，1999年12月20日恢复对澳门行使主权，两地分别成立特别行政区。你要理解这是“一国两制”构想的成功实践，洗雪了近代以来的百年国耻，标志着我国在完成祖国统一大业的道路上迈出重要一步。答题常考回归的时间、所依据的构想，以及其作为解决历史遗留问题成功范例的意义。注意回归是“恢复行使主权”，不是“重新割让”，这体现主权从未丧失的立场。,,
LS_G1_B1_GG_010,历史,中国特色社会主义理论,78,explanation 含模板套话'答题常考'结尾句（结尾'答题常考…'为库级统一模板套话，机械复述前文、无教学增量，需改写去除。）,包括邓小平理论、三个代表、科学发展观等一脉相承的理论成果。,改革开放以来，中国共产党把马克思主义基本原理同中国具体实际相结合，先后形成邓小平理论、“三个代表”重要思想、科学发展观，构成中国特色社会主义理论体系。你要把握它们“一脉相承、与时俱进”的关系：都围绕什么是社会主义、怎样建设社会主义等根本问题展开，又根据时代条件不断丰富发展。答题常考各理论先后顺序及其共同主题，注意习近平新时代中国特色社会主义思想是这一体系的继承和发展，回答时不要遗漏。,,
LS_G1_B1_GG_011,历史,改革开放的主要成就,78,explanation 含模板套话'答题常考'结尾句（结尾'答题常考…'为库级统一模板套话，机械复述前文、无教学增量，需改写去除。）,经济高速增长、综合国力显著增强、人民生活明显改善的伟大成就。,改革开放以来我国取得举世瞩目的成就：经济持续快速增长，成为世界第二大经济体；基础设施建设突飞猛进；科技、教育、文化等各项事业全面发展；人民生活水平显著提高。你要理解成就的根源在于坚持中国特色社会主义道路、坚持改革开放。答题常考成就的具体表现与取得成就的根本原因，二者要对应。用“综合国力增强、人民生活改善、国际地位提高”三条主线来归纳，就不会遗漏要点。,,
LS_G1_B1_GM_004,历史,中共一大与共产党成立,78,keywords 含“四大会”，语义不明且与本知识点无关，疑为“中共一大”之误（关键词“四大会”错误/无关，应为中共一大）,中共一大确定党的名称、奋斗目标和领导工人运动的中心工作，标志中国共产党诞生。,1921年7月中共一大在上海秘密召开，后因遭搜查转至浙江嘉兴南湖游船继续举行。你牢记会议确定的三项内容：确立党的名称为中国共产党；明确推翻资产阶级政权、实现社会主义和共产主义的奋斗目标；把组织和领导工人运动作为中心工作。会议还选举了领导机构。中共的诞生是开天辟地的大事变，此后中国革命面貌焕然一新。备考时要盯紧时间、地点与基本内容，别把一大的细节与其他会议混淆。,,
LS_G1_B1_GM_008,历史,南昌起义的爆发,78,explanation “摆在1927年”表述不通，应为“爆发于1927年”或“发生在1927年”（explanation 措辞错误，学生读不懂）,南昌起义打响武装反抗国民党统治第一枪，是中国共产党独立领导武装斗争的开端。,摆在1927年，为挽救革命，中国共产党在南昌发动武装起义。你记住它的首创意义：周恩来等领导这次起义，打响了武装反抗国民党反动统治的第一枪，标志党独立领导武装战争、创建人民军队和武装夺取政权的开始。正因为意义重大，后来把南昌起义的纪念日定为每年8月1日并成为解放军的建军节。复习时要把“第一枪—建军起点—八一起义”三层含义贯通理解。,,
LS_G1_B1_LSJ_005,历史,王安石变法,78,explanation 含模板套话'答题常考'结尾句（结尾'答题常考…'为库级统一模板套话，机械复述前文、无教学增量，需改写去除。）,北宋王安石为改变积贫积弱，在财政、军事、取士等方面推行的一系列变法措施。,北宋中期财政危机加深、军队积弱，王安石于神宗年间主持变法。你记变法的目的是“富国强兵”：富国方面有青苗法、募役法、方田均税法等，意在增加财政收入；强兵方面有保甲法、将兵法；取士方面改革科举。变法短期内增加了政府财赋，却触犯大地主官僚利益，加上推行中弊端丛生，最终在阻力下失败。答题常考失败原因，你要能从守旧势力反对、用人不当、执行走样等角度分析，不单归咎于某因素。,,
LS_G1_B1_LSJ_014,历史,元朝的行省制度,78,explanation 含模板套话'答题常考'结尾句（结尾'答题常考…'为库级统一模板套话，机械复述前文、无教学增量，需改写去除。）,元朝在中央设中书省，在地方设行中书省（行省）代表中央机构节制地方以加强集权。,元朝疆域辽阔，为加强中央集权，在中央设立中书省，在地方设立行中书省（行省）作为中书省的派出机构，负责地方军政财赋，腹里之外设多个行省。你抓关键：行省制是地方最高行政单位，代表中央节制地方，既利于统一管理辽阔疆域，又防止地方尾大不掉，是今天省制的渊源。它上承唐宋下启明清，答题常考其对加强集权、维护统一和影响后世省制的意义。,,
LS_G1_B1_MRJ_006,历史,北方民族交融的表现,78,typical_errors “内迁的鲜卑、氏族等主体”中“氏族”应为“氐族”（五胡之一），系错字；explanation “吸收了胡服、马具、田园生活元素”中“田园生活元素”表述空泛、语焉不详（典型错误用词错误（氐族误作氏族），解释有套话）,各少数民族南迁与汉族杂居，习俗制度相互影响，共同推进北方民族融合。,你要看到民族交融是双向的，不只是汉化。北方不断有匈奴、鲜卑、羯、氐、羌等少数民族内迁，与汉族长期杂居相处；他们学习了汉族的农耕和典章制度，汉族也从少数民族身上吸收了胡服、马具、田园生活元素，孝文帝改革正是这种交融的集中体现。概括交融的表现时，可以从生产生活、语言服饰、婚姻血缘、制度文化四个角度作答，这样层次清晰、不易漏点。,,
LS_G1_B1_XH_005,历史,武昌起义的爆发,78,explanation 含模板套话'答题常考'结尾句（结尾'答题常考…'为库级统一模板套话，机械复述前文、无教学增量，需改写去除。）,1911年湖北革命党人发动的武装起义，开启了辛亥革命的序幕。,1911年10月10日，湖北新军中的革命党人发动武昌起义，起义胜利、占领武昌，湖北军政府随之成立。你记武昌起义的直接背景是四川保路运动牵制了清军，革命党人抓住时机发动。它是辛亥革命的起点，成功后全国各省纷纷响应、脱离清廷。答题常考它爆发的时间、地点与主力（湖北新军），以及保路运动这一背景，这几个要素要把对应关系一一理清。,,
LS_G1_B1_XH_006,历史,各省响应与清朝灭亡,78,explanation 含模板套话'答题常考'结尾句（结尾'答题常考…'为库级统一模板套话，机械复述前文、无教学增量，需改写去除。）,武昌起义后各省纷纷响应，宣布脱离清廷独立，清朝统治随之瓦解。,在武昌起义胜利的示范下，短短两三个月内，湖南、陕西、江西等多个省份纷纷宣布独立、脱离清廷。你理解“各省响应”要把它看成清朝统治大规模瓦解的外在表现：许多旧官僚、立宪派也趁机投向革命，使形势迅速高涨。1912年2月，宣统帝退位，清王朝宣告结束。答题常考响应省份的规模、各方力量的态度以及清帝退位时间，这三点共同印证了革命影响的广泛与深入。,,
LS_G1_B1_XH_008,历史,《中华民国临时约法》,78,explanation 含模板套话'答题常考'结尾句（结尾'答题常考…'为库级统一模板套话，机械复述前文、无教学增量，需改写去除。）,1912年3月颁布的具有资产阶级共和国宪法性质的重要法律文件。,1912年3月孙中山辞去临时大总统前，南京临时政府颁布《中华民国临时约法》。你理解它的地位：是中国历史上第一部具有资产阶级共和国宪法性质的法律文件。内容上它确立了主权在民原则、规定了人民各项权利，并确立责任内阁制以限制即将上任的袁世凯。答题常考它的性质、体现的主权在民与三权分立原则，以及为限制袁世凯而采用责任内阁制，这是理解民国初年政治制度的关键。,,
LS_G1_B1_XH_010,历史,北洋军阀的统治,78,explanation 含模板套话'答题常考'结尾句（结尾'答题常考…'为库级统一模板套话，机械复述前文、无教学增量，需改写去除。）,袁世凯称帝后形成以北洋军为支柱的割据、混战的军阀统治局面。,袁世凯1913年成为正式大总统后逐步走向独裁，1915年竟复辟称帝，引发护国运动，最终在众叛亲离中死去。此后北洋军阀分裂，出现直、皖、奉等派系彼此混战、更迭不断的局面。你记北洋军阀统治的特点是军事割据、政局动荡、共和有名无实。答题常考袁世凯称帝的失败、护国运动以及军阀混战带来的社会动荡，这些都说明辛亥革命后民主共和并未真正实现。,,
LS_G1_B1_XSD_002,历史,中国梦的提出,78,explanation 含模板套话'答题常考'结尾句（结尾'答题常考…'为库级统一模板套话，机械复述前文、无教学增量，需改写去除。）,实现中华民族伟大复兴的中国梦，基本内涵是国家富强、民族振兴、人民幸福。,实现中华民族伟大复兴的中国梦，其基本内涵是实现国家富强、民族振兴、人民幸福。你要理解中国梦把国家的追求、民族的向往与人民的期盼融为一体，体现了中华民族和中国人民的整体利益。实现中国梦必须走中国道路、弘扬中国精神、凝聚中国力量。答题常考中国梦的内涵三句话，以及“两个一百年”奋斗目标与它的关系。把内涵记成“富、兴、福”三个字，答题就不会漏。,,
LS_G1_B1_XSD_003,历史,新时代指导思想的确立,78,explanation 含模板套话'答题常考'结尾句（结尾'答题常考…'为库级统一模板套话，机械复述前文、无教学增量，需改写去除。）,中共十九大确立的马克思主义中国化最新成果，是全党行动指南。,2017年中共十九大把习近平新时代中国特色社会主义思想确立为党必须长期坚持的指导思想并写入党章。你要理解它的地位：是马克思主义中国化的最新成果，是全党全国人民为实现中华民族伟大复兴而奋斗的行动指南。其内容涵盖新时代坚持和发展什么样的中国特色社会主义、怎样坚持和发展等重大问题。答题常考十九大的时间、新思想的地位以及它写入党章这一标志性事件，是新时代最重要的理论成果。,,
LS_G1_B1_XSD_004,历史,全面建成小康社会,78,explanation 含模板套话'答题常考'结尾句（结尾'答题常考…'为库级统一模板套话，机械复述前文、无教学增量，需改写去除。）,2021年实现第一个百年奋斗目标，历史性地解决了绝对贫困问题。,2021年在建党一百周年之际，我国实现第一个百年奋斗目标，在中华大地上全面建成了小康社会，历史性地解决了绝对贫困问题。你要理解“全面建成小康”是“两个一百年”奋斗目标的第一个目标，它使中国人民生活水平大幅提高，为全面建设社会主义现代化国家奠定了坚实基础。答题常考全面建成小康的时间、作为第一个百年目标的地位，以及它解决绝对贫困的标志性意义。,,
LS_G1_B1_XSD_005,历史,脱贫攻坚战,78,explanation 含模板套话'答题常考'结尾句（结尾'答题常考…'为库级统一模板套话，机械复述前文、无教学增量，需改写去除。）,党的十八大以来精准脱贫，历史性解决绝对贫困的宏大工程。,党的十八大以来，党中央把脱贫攻坚作为全面建成小康社会的底线任务，实施精准扶贫、精准脱贫方略，到2020年底现行标准下农村贫困人口全部脱贫。你要理解其伟大意义：这是人类历史上规模最大的减贫行动，历史性地解决了困扰中华民族几千年的绝对贫困问题，创造了人类减贫史上的奇迹。答题常考“精准扶贫”方略、脱贫完成时间，以及它体现的以人民为中心的发展思想。,,
LS_G1_B1_XSD_006,历史,全面深化改革,78,explanation 含模板套话'答题常考'结尾句（结尾'答题常考…'为库级统一模板套话，机械复述前文、无教学增量，需改写去除。）,十八届三中全会作出全面深化改革部署，完善和发展中国特色社会主义制度。,2013年中共十八届三中全会通过《中共中央关于全面深化改革若干重大问题的决定》，明确全面深化改革的总目标是完善和发展中国特色社会主义制度，推进国家治理体系和治理能力现代化。你要理解改革进入“全面深化”新阶段，覆盖经济、政治、文化、社会、生态等各领域。答题常考十八届三中全会的时间、改革总目标的两句话，以及“全面”与以往“重点突破”的区别，这是新时代改革的关键部署。,,
LS_G1_B1_XSD_007,历史,全面从严治党,78,explanation 含模板套话'答题常考'结尾句（结尾'答题常考…'为库级统一模板套话，机械复述前文、无教学增量，需改写去除。）,以零容忍态度惩治腐败，把党的政治建设摆在首位的党的建设要求。,全面从严治党是“四个全面”战略布局的重要内容，要求以党的政治建设为统领，加强思想建设、组织建设、作风建设、纪律建设，把制度建设贯穿其中，深入推进反腐败斗争。你要理解它抓住了管党治党的根本，使党的自我净化、自我完善能力显著增强。答题常考全面从严治党的地位、政治建设摆在首位，以及其与反腐败斗争的关系，注意“四个全面”要整体记忆。,,
LS_G1_B1_XSD_008,历史,中国式现代化,78,explanation 含模板套话'答题常考'结尾句（结尾'答题常考…'为库级统一模板套话，机械复述前文、无教学增量，需改写去除。）,人口规模巨大、全体人民共同富裕的现代化，是中国的现代化新道路。,中国式现代化是中国共产党领导的社会主义现代化，具有人口规模巨大、全体人民共同富裕、物质文明和精神文明相协调、人与自然和谐共生、走和平发展道路等特征。你要理解它既具有各国现代化的共同特征，又立足中国国情，打破了“现代化等于西方化”的迷思。答题常考中国式现代化的本质特征、党的领导这一根本保证，以及它创造人类文明新形态的意义，这是理解新时代发展道路的核心概念。,,
LS_G1_B1_XSD_009,历史,新时代的历史性成就,78,explanation 含模板套话'答题常考'结尾句（结尾'答题常考…'为库级统一模板套话，机械复述前文、无教学增量，需改写去除。）,经济科技国防等领域取得历史性成就，综合国力迈上新的台阶。,进入新时代以来，我国在经济、科技、国防、外交等各领域取得历史性成就：经济总量稳居世界第二，关键核心技术不断突破，国防和军队改革深入推进，打赢脱贫攻坚战，全面建成小康社会。你要理解这些成就是全党全国人民团结奋斗的结果，集中体现了中国特色社会主义制度的优越性。答题常考成就的具体领域，以及成就背后体现的制度自信，用“综合国力提升、制度优势彰显”来概括不会偏。,,
LS_G1_B1_XSD_010,历史,新时代的重大意义,78,explanation 含模板套话'答题常考'结尾句（结尾'答题常考…'为库级统一模板套话，机械复述前文、无教学增量，需改写去除。）,中国特色社会主义新时代为实现中华民族伟大复兴提供了更为完善的制度保证。,中国特色社会主义进入新时代，意味着中华民族迎来了从站起来、富起来到强起来的伟大飞跃，意味着中国特色社会主义道路、理论、制度、文化不断发展，意味着为解决人类问题贡献了中国智慧和中国方案。你要理解“三个意味着”层层递进：民族维度讲飞跃，制度维度讲自信，世界维度讲贡献。答题常考“三个意味着”的内容，以及新时代为民族复兴提供的制度、物质、精神保证。,,
LS_G1_B1_XZ_010,历史,中共八大正确探索,78,explanation 含模板套话'答题常考'结尾句（结尾'答题常考…'为库级统一模板套话，机械复述前文、无教学增量，需改写去除。）,1956年中共八大正确分析主要矛盾，制定集中发展生产力的经济建设方针。,1956年中共八大召开，正确分析了国内主要矛盾已由阶级矛盾转变为人民对于建立先进工业国的要求同落后农业国的现实之间的矛盾，指出主要任务是集中力量发展生产力，把我国从落后的农业国变为先进的工业国。你要理解八大是探索社会主义建设的良好开端，其论断符合国情、方向正确，但后来未能坚持。答题常考八大提出的主要矛盾与主要任务，这是理解曲折发展前“正确起点”的关键。,,
YW_G1_B1_CYJJ_006,语文,词语搭配与语言得体,78,typical_errors 举例不当：把“对长辈用‘拜读’”当作“敬谦辞用反”的反例有误，“拜读”是阅读对方作品时的谦辞，用于长辈实为正确用法，不能作为不当用例（典型错误把“拜读”当成对长辈的不当之辞，实则它是正确谦辞，会误导学生。）,使词语间搭配得当、语体契合对象与场合，做到准确又合乎礼仪。,用词要讲搭配与得体：主谓、动宾、修饰搭配要合乎习惯，如“提高水平”不能说“扩大水平”；同时语体要符合对象场合——对长辈用敬辞、对自己用谦辞，书面与口语有别。你把这两点做好，表达才准确妥帖。,,
YW_G1_B5_XDXG_004,语文,《再别康桥》的意象与音乐,78,example 与知识点略偏：“三美”（音乐美、绘画美、建筑美）是闻一多的新诗主张，example 转向简述“三美”主张，偏离本条“《再别康桥》的意象与音乐”；explanation 也未点明“三美”出自闻一多（例子转向闻一多“三美”主张，与本条“再别康桥意象与音乐”主题有偏差，且“三美”归属交代不清。）,以云彩、金柳、柔波等轻柔意象和回环韵律，抒发依依别情。,徐志摩《再别康桥》以“云彩”“金柳”“青荇”“柔波”等轻盈柔美的意象，写对康桥的眷恋，“轻轻”“悄悄”的回环与反复，赋予全诗音乐美。你赏析时要抓住“三美”——音乐美、绘画美、建筑美，体会其轻柔、惆怅而又洒脱的告别之情。,,
YY_RJ_G1_B1_WU_010,英语,简单句的基本结构,78,definition 有重复/表述缺陷：'由主语加谓语谓语部分构成'谓语重复（definition 里'谓语谓语'重复，一句话没说清。）,由主语加谓语谓语部分构成、可含宾语或状语完整表达意义的句子框架。,你把英语句子的骨架记住：主语在前，谓语动词是关键，必须有动词句子才成立。常见结构有主谓、主谓宾、主谓宾宾补等，例如 I study、I like music. 写长句别堆词，先保证主谓齐全，再用状语扩展。遇到句子成分题，先找动词，再反推主语和宾语，答案往往就清楚了。,,
YY_WY_G1_B1_U1_009,英语,名词变形容词的词形变化,78,typical_errors 第3条“单词转化时未注意字母等拼写细节而写错词形”空泛，未指向具体错误动作（typical_errors 有一条空泛套话）,通过加后缀把名词转化为描述性质的形容词的方法。,你在表达人或事物特征时，常需要把一个名词变成形容词。常见规律是加后缀，如 day 变 daily、care 变 careful、friend 变 friendly。看清句子需要名词还是形容词再选用形式，是这类题的关键。写作时可通过转换词性让表达更丰富，比如描述一个友好的同学用 a friendly classmate，而不是重复名词。,,
YY_WY_G1_B1_U6_004,英语,现在完成时与过去时比较,78,explanation 中夹杂英文词“impact 巨大”，表述不规范（explanation 中英文混用影响可读性）,现在完成时重在影响与一般过去时重在过去事件的对比。,你写含过去事件的句子要分清两种时态：现在完成时强调动作对现在的影响或延续，一般过去时只叙述过去发生的且与现在无关的事件。比如 I have seen the river 强调我见过了，impact 巨大；I saw it yesterday 只说明昨天见过。看句子是否与现在有关来选时态。,,
YY_WY_G1_B3_U2_004,英语,三种类型虚拟条件句对比,78,explanation 结尾“三类别混淆”表述残缺不通（explanation 语句不通）,现在未来过去三类虚拟条件句的时态搭配对比。,你掌握虚拟条件句要区分类型：与现在相反用过去时加 would 原形，与未来相反可用 were to 或 should，与过去相反用 had done 加 would have done。你做题时先判断假设针对哪一时段，再选择对应的时态组合，三类别混淆。分类清晰后虚拟题就不难解。,,
ZZ_G1_B1_FXG_001,政治,中国特色社会主义进入新时代,78,explanation 含模板套话'答题常考'结尾句（结尾'答题常考…'为库级统一模板套话，机械复述前文、无教学增量，需改写去除。）,党的十八大以来中国特色社会主义进入新时代，这是我国发展新的历史方位。,中国特色社会主义进入新时代是我国发展新的历史方位。你要掌握：新时代的标志是党的十八大（2012年）以来党和国家事业取得历史性成就、发生历史性变革；新时代是承前启后、继往开来，在新的历史条件下继续夺取中国特色社会主义伟大胜利的时代。答题常考新时代的历史方位判断和主要标志。,,
ZZ_G1_B1_FXG_002,政治,新时代社会主要矛盾,78,explanation 含模板套话'答题常考'结尾句（结尾'答题常考…'为库级统一模板套话，机械复述前文、无教学增量，需改写去除。）,社会主要矛盾是人民日益增长的美好生活需要和不平衡不充分的发展之间的矛盾。,新时代社会主要矛盾的变化是重大判断。你要掌握：我国社会主要矛盾已转化为人民日益增长的美好生活需要和不平衡不充分的发展之间的矛盾；这没有改变我国社会主义初级阶段的基本国情，也没有改变我国是世界最大发展中国家的国际地位。答题常考主要矛盾的内容及“两个没有变”的判断。,,
ZZ_G1_B1_FXG_003,政治,新时代的内涵,78,explanation 含模板套话'答题常考'结尾句（结尾'答题常考…'为库级统一模板套话，机械复述前文、无教学增量，需改写去除。）,新时代是全体中华儿女勠力同心、奋力实现中华民族伟大复兴中国梦的时代。,新时代具有丰富内涵。你要从多个维度理解：新时代是继续夺取中国特色社会主义伟大胜利的时代，是决胜全面建成小康社会进而全面建设社会主义现代化强国的时代，是全国各族人民团结奋斗、不断创造美好生活的时代，是全体中华儿女勠力同心奋力实现中华民族伟大复兴中国梦的时代。答题常考新时代内涵的多个维度表述。,,
ZZ_G1_B1_FXG_004,政治,中国梦的内涵,78,explanation 含模板套话'答题常考'结尾句（结尾'答题常考…'为库级统一模板套话，机械复述前文、无教学增量，需改写去除。）,中国梦是实现中华民族伟大复兴，基本内涵是国家富强、民族振兴、人民幸福。,中国梦是近代以来中华民族最伟大的梦想。你要掌握：中国梦的基本内涵是国家富强、民族振兴、人民幸福；中国梦把国家的追求、民族的向往、人民的期盼融为一体，体现了中华民族和中国人民的整体利益。答题常考中国梦的内涵及实现要求，注意“国家富强、民族振兴、人民幸福”三句话的完整表述。,,
ZZ_G1_B1_FXG_005,政治,实现中国梦的要求,78,explanation 含模板套话'答题常考'结尾句（结尾'答题常考…'为库级统一模板套话，机械复述前文、无教学增量，需改写去除。）,实现中国梦必须走中国道路、弘扬中国精神、凝聚中国力量。,实现中国梦有明确要求。你要掌握：必须走中国道路（中国特色社会主义道路）；必须弘扬中国精神（以爱国主义为核心的民族精神和以改革创新为核心的时代精神）；必须凝聚中国力量（全国各族人民大团结的力量）。答题常考实现中国梦的三条要求，注意民族精神与时代精神的核心表述。,,
ZZ_G1_B1_FXG_006,政治,习近平新时代中国特色社会主义,78,explanation 含模板套话'答题常考'结尾句（结尾'答题常考…'为库级统一模板套话，机械复述前文、无教学增量，需改写去除。）,习近平新时代中国特色社会主义思想是马克思主义中国化最新成果。,习近平新时代中国特色社会主义思想是党和国家必须长期坚持的指导思想。你要掌握：它是马克思主义中国化的最新成果，是中国特色社会主义理论体系的重要组成部分；它系统回答了新时代坚持和发展什么样的中国特色社会主义、怎样坚持和发展中国特色社会主义等重大时代课题。答题常考其地位和回答的时代课题。,,
ZZ_G1_B1_FXG_007,政治,新时代两步走战略,78,explanation 含模板套话'答题常考'结尾句（结尾'答题常考…'为库级统一模板套话，机械复述前文、无教学增量，需改写去除。）,2035年基本实现社会主义现代化，本世纪中叶建成社会主义现代化强国。,新时代两步走战略是全面建成小康社会后的战略安排。你要掌握：第一步，到2035年基本实现社会主义现代化；第二步，到本世纪中叶把我国建成富强民主文明和谐美丽的社会主义现代化强国。答题常考两步走战略的两个时间节点和目标，注意区分“基本实现”与“建成”的程度差异。,,
ZZ_G1_B1_FXG_008,政治,新时代的历史意义,78,explanation 套话：「尤其记住站起来、富起来、强起来的顺序」属于「记住这个结论」类填充（explanation 结尾「尤其记住……顺序」是命令式套话，不增加知识信息。）,新时代意味着中华民族迎来了从站起来、富起来到强起来的伟大飞跃。,中国特色社会主义进入新时代具有重大意义。你要掌握“三个意味着”：意味着中华民族迎来了从站起来、富起来到强起来的伟大飞跃；意味着科学社会主义在二十一世纪的中国焕发出强大生机活力；意味着中国为人类作出新的更大的贡献。答题常考新时代意义的“三个意味着”，尤其记住站起来、富起来、强起来的顺序。,,
ZZ_G1_B1_FXG_009,政治,坚持发展中国特色社会主义,78,explanation 含模板套话'答题常考'结尾句（结尾'答题常考…'为库级统一模板套话，机械复述前文、无教学增量，需改写去除。）,坚持和发展中国特色社会主义是一篇大文章，必须一以贯之写下去。,新时代要一以贯之坚持和发展中国特色社会主义。你要理解：中国特色社会主义是改革开放以来党的全部理论和实践的主题；坚持和发展中国特色社会主义要一以贯之，统筹推进“五位一体”总体布局、协调推进“四个全面”战略布局。答题常考坚持和发展中国特色社会主义的总要求，注意总体布局和战略布局的内容。,,
ZZ_G1_B1_FZG_001,政治,改革开放的启动,78,explanation 含模板套话'答题常考'结尾句（结尾'答题常考…'为库级统一模板套话，机械复述前文、无教学增量，需改写去除。）,1978年十一届三中全会作出改革开放决策，开启中国特色社会主义道路。,改革开放是决定当代中国命运的关键抉择。你要掌握：1978年十一届三中全会作出把党和国家工作重心转移到经济建设上来、实行改革开放的历史性决策；改革开放首先从农村开始（家庭联产承包责任制），随后扩展到城市和对外开放。答题常考改革开放的起点、突破口，注意十一届三中全会是改革开放的标志。,,
ZZ_G1_B1_FZG_002,政治,改革开放的意义,78,explanation 含模板套话'答题常考'结尾句（结尾'答题常考…'为库级统一模板套话，机械复述前文、无教学增量，需改写去除。）,改革开放解放和发展生产力，是坚持和发展中国特色社会主义的必由之路。,改革开放的意义重大而深远。你要掌握：改革开放极大解放和发展了社会生产力，使人民生活显著改善、综合国力显著增强；改革开放是坚持和发展中国特色社会主义的必由之路，是决定当代中国命运的关键一招。答题常考改革开放对生产力的作用及其历史地位，注意“关键一招、必由之路”的表述。,,
ZZ_G1_B1_FZG_003,政治,中国特色社会主义的创立,78,explanation 含模板套话'答题常考'结尾句（结尾'答题常考…'为库级统一模板套话，机械复述前文、无教学增量，需改写去除。）,邓小平在改革开放实践中开创了中国特色社会主义。,中国特色社会主义是改革开放以来党的全部理论和实践的主题。你要掌握：1982年邓小平在党的十二大提出“建设有中国特色的社会主义”，开创了中国特色社会主义道路；中国特色社会主义是党和人民长期实践探索的结晶。答题常考中国特色社会主义创立的时间与标志，注意十二大提出的“有中国特色的社会主义”是起点。,,
ZZ_G1_B1_FZG_004,政治,邓小平理论,78,explanation 含模板套话'答题常考'结尾句（结尾'答题常考…'为库级统一模板套话，机械复述前文、无教学增量，需改写去除。）,邓小平理论初步回答了什么是社会主义、怎样建设社会主义的问题。,邓小平理论是中国特色社会主义理论体系的开创之作。你要掌握：邓小平理论围绕“什么是社会主义、怎样建设社会主义”这一根本问题展开；核心内容包括社会主义本质论、社会主义初级阶段论、社会主义市场经济论等；它是马克思主义中国化的又一次历史性飞跃。答题常考邓小平理论回答的根本问题和地位。,,
ZZ_G1_B1_FZG_005,政治,中国特色社会主义道路,78,explanation 含模板套话'答题常考'结尾句（结尾'答题常考…'为库级统一模板套话，机械复述前文、无教学增量，需改写去除。）,中国特色社会主义道路是实现社会主义现代化、创造人民美好生活的必由之路。,中国特色社会主义道路是中国特色社会主义的实现途径。你要掌握：中国特色社会主义道路是实现社会主义现代化、创造人民美好生活的必由之路；它既坚持社会主义基本原则，又立足中国国情，是党领导人民长期探索形成的正确道路。答题常考道路的地位和内容，理解道路自信源于实践检验。,,
ZZ_G1_B1_FZG_006,政治,中国特色社会主义理论体系,78,explanation 含模板套话'答题常考'结尾句（结尾'答题常考…'为库级统一模板套话，机械复述前文、无教学增量，需改写去除。）,中国特色社会主义理论体系包括邓小平理论、三个代表重要思想、科学发展观等。,中国特色社会主义理论体系是改革开放以来党的理论创新成果的总称。你要掌握：它包括邓小平理论、“三个代表”重要思想、科学发展观以及习近平新时代中国特色社会主义思想；这些理论一脉相承、与时俱进，是指导党和人民实现民族复兴的正确理论。答题常考理论体系的组成和“一脉相承、与时俱进”的特点。,,
ZZ_G1_B2_JJ_002,政治,建设现代化经济体系,78,explanation 套话：出现「实体经济的地位是高频考点」这类高频考点填充句（explanation 结尾用「高频考点」填充，属于考试导向套话，无知识增量。）,建设现代化经济体系是跨越关口的迫切要求和我国发展的战略目标。,建设现代化经济体系是推动经济高质量发展的重要举措。你要掌握：建设现代化经济体系要大力发展实体经济、实施乡村振兴战略、实施区域协调发展战略；实体经济是一国经济的立身之本，是财富创造的根本源泉。答题常考现代化经济体系的建设重点，实体经济的地位是高频考点。,,
HX_G1_B5_GFZ_005,化学,合成橡胶的性质,78,example 与知识点不匹配：知识点为'合成橡胶的性质'，example 却考'天然橡胶的主要成分'（example 题干考天然橡胶（聚异戊二烯），偏离'合成橡胶'这一知识点主题，未直接考察合成橡胶的性质。）,合成橡胶是以石油化工产品为原料合成的具有弹性的高分子材料。,橡胶是重要的高分子弹性材料。你要掌握：天然橡胶主要成分是聚异戊二烯；合成橡胶由丁二烯、苯乙烯等单体聚合制得，如丁苯橡胶、顺丁橡胶；橡胶具有高弹性，广泛用于轮胎等制品。答题常考橡胶的原料单体和弹性特点，天然橡胶与合成橡胶的区别是常考点。,,
SX_A_G1_B1_ZSDS_009,数学,对数函数的单调性与比较大小,78,explanation 含套话 这是本节高频考点（结尾 高频考点 属填充套话）,a>1时y=logₐx递增、0<a<1时递减，据以比较对数值或判断参数范围。,比较对数值大小时同样先看底数。同底数对数利用底数确定单调方向：底数大于1时真数大的值就大，底数小于1时真数大的值反而小。不同底数可先与0或1比较再定大小。反过来，给定对数大小关系求参数范围时，也要先确认底数与1的大小再决定不等号方向。这是本节高频考点。,,
SX_A_G1_B3_KJXL_013,数学,用向量法求二面角,78,explanation 含套话 这个点是高考常考的压轴问（高考常考压轴问 属填充套话）,二面角的平面角可用两平面的法向量夹角或其补角来确定。,二面角的大小用它的平面角来衡量。用向量法时，分别取两个半平面的法向量n₁、n₂，两法向量的夹角θ满足cosθ=|n₁·n₂|/(|n₁||n₂|)。所求二面角的平面角要么等于θ，要么等于π−θ，具体要看两法向量的指向关系。判断二面角是锐角还是钝角，再决定取夹角或补角，这是最容易出错的一步。这个点是高考常考的压轴问，务必把公式和符号规则都练熟。,,
SX_A_G1_B3_YZQX_005,数学,椭圆离心率的求法,78,explanation 含套话 这是高考中容易丢分的一步（高考易丢分 属填充套话）,利用a、b、c三者关系消元，把离心率e=c/a化到只含单一变量来求解并检验范围。,离心率e=c/a只受a、c影响，而三者之间被c²=a²−b²约束，所以知道任意两个量就能求e。常见思路是先由条件建立a、b的关系，再代入c来消去一个变量，最后用e=c/a表示结果。如果题目给的是关于a、b、c的齐次式，直接把各项同除以a²，方程就自动转成关于e的方程，解出后再检验e是否落在0<e<1内。记住最终一定要舍弃越界的解，这是高考中容易丢分的一步。,,
SX_A_G1_B3_ZXYS_006,数学,两条直线平行与垂直,78,explanation 含套话 这是解析几何的高频考点（高频考点 属填充套话）,两直线斜率相等则平行，斜率之积等于-1则垂直。,判断两条直线平行与垂直，关键看斜率。若两直线斜率都存在，则平行等价于k1=k2，垂直等价于k1·k2=-1。特别要警惕斜率不存在的情形：两条都垂直x轴的直线互相平行；一条垂直x轴而另一条水平时则它们垂直。用一般式Ax+By+C=0判断时，平行看A1/A2=B1/B2≠C1/C2，垂直看A1A2+B1B2=0。这是解析几何的高频考点。,,
SX_A_G1_B3_ZXYS_014,数学,过圆上点的切线方程,78,explanation 含套话 这类题高频出现在解析几何解答题中（高频出现 属填充套话）,过圆上一点求切线，利用圆心与切点连线垂直于切线确定方程。,过圆上点求切线，关键是圆心与切点的连线垂直于该切线。你先求出过圆心与切点的法线斜率，再用垂直关系得到切线斜率，或直接由切点与圆心写出切线方程。当点在圆上时，还可以用圆心到切线距离等于半径验证。这类题高频出现在解析几何解答题中，常与圆和直线的其他性质综合考查。,,
SX_A_G1_B4_DS_012,数学,含参函数单调性分类讨论,78,explanation 含套话 这是综合应用的高频难点（高频难点 属填充套话）,含参数的函数求单调区间时，按参数取值分情形讨论导数的正负与分界点大小。,这是综合应用的高频难点。当你令f'(x)=0得到的解里含参数a时，需要分层次讨论：先讨论最高次项系数是否为0，再比较两个根的大小，还要判断根是否落在定义域内。每一种情形都要完整求出对应的单调区间，最后按不同情形分别作答。因为你分类的依据要互斥且完备，漏掉一种情形就会丢整道题的分数。,,
SX_A_G1_B4_DS_013,数学,利用导数证明不等式,78,explanation 含套话 它在考试中出现的频率很高（考试频率很高 属填充套话）,通过移项构造新函数，利用其单调性或最值证明关于变量x的不等式恒成立。,证明形如g(x)>h(x)的不等式，通常移项构造F(x)=g(x)-h(x)，只要证明F(x)>0恒成立即可。方法是研究F(x)的单调性并求其最小值，证明最小值大于0就达到目标。你也可以根据不等式的结构灵活变形，核心思路是“证明不等式→构造差函数→求最值→判断正负”这一条主线，它在考试中出现的频率很高，你要熟练掌握。,,
SX_A_G1_B4_SL_013,数学,由Sn与an的关系求通项,78,explanation 含套话 这是高考常见题型 及 丢掉整题的分 等填充句（高考常见题型、丢整题分 属填充套话）,n≥2时an=Sn-S(n-1)，n=1时an=S1，据此求通项。,这是高考常见题型。核心公式是an=Sn-S(n-1)（当n≥2），而n=1时an=S1=a1。你做题时先写出Sn的关系式，把an拆成Sn-S(n-1)，化简后得到通项；再单独验证n=1时求出的首项是否与通项一致。若首项不满足通项公式，就要把答案写成带分段的形式。千万别忽略这个验证step，很多考生因为漏写分段而丢掉整题的分。,,
SX_B_G1_B3_XLSJ_008,数学,二倍角公式及其变形,78,explanation 含套话 是高考的常客（高考常客 属填充套话）,二倍角等于和差角取同角，余弦有降幂形式的三种等价写法。,二倍角公式就是把和差公式取β=α得到的，所以本质是同一个家族。你要特别留意cos2α有三种写法，而'1-2sin²α'与'2cos²α-1'这两个变式常被用来降幂，即把sin²α、cos²α表示成(1±cos2α)/2。这类降幂处理在求值、化简、合并里反复出现，是高考的常客。由tan也可以得tan2α=2tanα/(1-tan²α)，记得分母限制。,,
SX_B_G1_B3_XLSJ_011,数学,三角恒等变换的综合应用,78,explanation 含套话 是考卷拉分题常客（拉分题常客 属填充套话）,把三角变换与函数性质结合，解决最值、单调区间、对称性及证明问题。,三角恒等变换最终常服务于研究一个角的正弦型函数问题，即把复杂式合一变形后再讨论其性质。做题先完成合一，得到y=Asin(ωx+φ)+k的标准形，再求最值、写单调区间、找对称轴。求最值时尤其要盯住x的取值范围，做出相应换元，别用全局最值想当然。这类综合题能在一次题目里同时考查公式变形与函数分析，是考卷'拉分题'常客。,,
WL_G1_B1_XHZL_007,物理,弹簧中的胡克定律,78,typical_errors 表述不清：'拉压时劲度系数改变想当然认为前压后拉值不同'语焉不详（typical_errors 第三条'前压后拉'表意混乱）,弹簧弹力F=kx，x是形变量，方向沿弹簧恢复方向。,对于在弹性限度内的弹簧，弹力大小跟形变量成正比，写成F=kx，k是劲度系数，只由弹簧本身决定，单位是牛每米。这里的x是弹簧被拉长或被压缩的长度，也就是形变量，注意不是弹簧的原长，也不是弹簧的总长度。形变量是当前长度减去原长的绝对值。同一根弹簧拉和压时劲度系数相同，但弹力方向相反。你在计算时一定要分清楚题目给的是原长、伸长量还是总长，别把总长直接当成x。,,
WL_G1_B1_YBZS_018,物理,追击相遇问题,78,definition 表述混乱：'何时相遇或撞早的判断'不通，'撞早'疑似错别字（定义语句不通顺，'撞早'表意不明）,两物体同向运动判断何时相遇或撞早的判断。,一个物体追另一个，你把两者看成同一时刻的位移作比较。位移相等时相遇；追不上时看两者距离先缩小还是先增大，距离最小或刚好追上的临界时刻减速物体速度等于前面物体速度。列公式时两物体起点、初速要分别写清楚。,,
WL_G1_B1_YDHL_001,物理,牛顿第一定律,78,typical_errors 表述含混：'把车子停下来的原因误判成没有推力而是摩擦力'把错误结论与正确结论混写（typical_errors 首条表意混乱，易误导学生）,一切物体在没有受到力的作用时，总保持静止或匀速直线运动状态。,牛顿第一定律告诉你：力不是维持运动的原因，而是改变物体运动状态的原因。如果物体不受力或所受合力为零，它就会一直保持原来的静止或匀速直线运动状态，不会自己加速或拐弯。记住这一点，你在分析物体运动时才不会误以为物体停下来是因为没人推它。它的成立条件是不受外力或合力为零，逻辑上由大量实验和理性推理归纳得出，不能用单独实验直接验证。,,
WL_G1_B2_PTYD_014,物理,平抛神度偏角与位移偏角,78,name 有错别字：'平抛神度偏角'应为'平抛速度偏角'（知识点名称中'神度'为'速度'的错别字）,速度偏角是合速度与水平方向的角，位移偏角是合位移与水平方向的角。,平抛运动中速度偏角是合速度与水平方向的夹角，其正切值 tanα=vy/vx=gt/v0；位移偏角是合位移与水平方向的夹角，其正切值 tanθ=y/x=gt/(2v0)。两式相比得到 tanα=2tanθ，这是重要的关系式。你务必区分两者：一个用速度矢量的两个分量，一个用位移矢量的两个分量，切不可张冠李戴地混用。,,
WL_G1_B2_PTYD_015,物理,速度反向延长线过中点,78,explanation 表述混乱：'水平位移中点处的竖直线保底'语义不通（解释中'竖直线保底'表意不清）,平抛中速度反向延长线交水平位移于中点，即水平位移中点对应的位置。,平抛运动的重要推论：水平位移中点处的竖直线保底，速度的反向延长线恰好经过水平位移的中点，也就是在x/2处。这一结论由tanα=2tanθ直接推出，因为速度偏角的正切是位移偏角正切的两倍。你遇到“落在斜面上”“击中挡板”等问题，常可利用该结论快速求得水平位移中点的坐标，从而简化计算。,,
WL_G1_B2_YZYD_018,物理,转盘临界滑动,78,example 解析表述混乱：'由重心即先比较静摩擦系数'语义不通（例子解析中'由重心即先比较'表意不清）,转盘上物体临界滑动的临界条件是静摩擦力达最大。,放在水平匀速转盘上的物体随盘一起转动，所需的向心力由静摩擦力提供。当转速逐渐增大时，物体所需向心力也随之增大，一旦所需向心力超过最大静摩擦力，物体就会相对转盘滑动而被甩出。你求临界转速时令最大静摩擦力等于mω方乘以r，即可解出临界角速度，再结合静摩擦力随正压力相关可讨论不同质量物体的先后滑动次序。,,
WL_G1_B4_GX_006,物理,光导纤维的应用,78,"explanation 有套话（""常考知识点""填充句）（结尾""是高中光学与实际应用结合的常考知识点""是空泛套话，无实质信息）",光导纤维利用光在纤维内壁多次全反射将光信号传送到远方。,光导纤维是应用全反射原理的典型例子，它由折射率较高的纤芯和折射率较低的包层构成。光以足够大的入射角射入纤芯，在纤芯与包层的界面上不断发生全反射，于是光被紧紧限制在纤芯内曲折前进而不泄漏，从而实现远距离传输。你要理解只有入射角满足全反射条件，光才能始终在纤维内部传输。光纤通信正因为它损耗小、抗干扰强而得到广泛应用，是高中光学与实际应用结合的常考知识点。,,
WL_G1_B4_JXB_020,物理,波的图像综合分析与计算,78,"explanation 有套话（""常见的高考综合题型""填充句）（""这是常见的高考综合题型""是空泛套话，无实质信息）",综合图像求波长波速周期并判断质点的振动方向。,结合波的图像，你可以综合求出波长，再配合已知的波速或周期算出其他量，并判断各质点的振动方向与波的传播方向。你要能灵活选用上下坡法与同侧法，把图像信息与v等于λf关系结合起来。这是常见的高考综合题型，解题关键是先明确图像对应的时刻与传播方向，再提取波长和位移等关键量，逐步套用公式计算。,,
WL_G1_B5_APLL_020,物理,质谱仪的原理,78,"explanation 有套话（""高考常考""填充句）（""是高考常考的经典装置题""是空泛套话，无实质信息）",质谱仪用电场加速、磁场偏转，据半径分离不同比荷的离子。,质谱仪可用来测量带电粒子的质量与比荷，其工作思路包含两段。离子先在加速电场作用下获得速度，由动能定理二分之一mv方等于qU可得速度；随后垂直射入匀强磁场做匀速圆周，由半径r等于mv比qB可量出轨迹半径。把两式联立即可反求离子的比荷或质量，不同比荷离子会落到底板不同位置从而被分离。你要能把加速段与偏转段的公式连贯运用，是高考常考的经典装置题。,,
WL_G1_B5_DCGY_006,物理,感应电动势与磁通量变化率,78,"explanation 有套话（""高频考点""填充句）（""这正是电磁感应与力学结合题中的高频考点""是空泛套话）",感应电动势大小正比于磁通量的变化率。,你把感应电动势理解成磁通量变化率的反映会更顺手，即E正比于ΔΦ/Δt。在物理图像（Φ-t图）上，曲线的切线斜率就对应磁通量变化率，从而对应感应电动势的大小。你需要会用斜率来分析问题：斜率越大电动势越大，斜率方向（增或减）决定感应电动势的方向。当磁通量很大但斜率为零时，感应电动势为零，例如磁通量达到最大值的瞬间，这正是电磁感应与力学结合题中的高频考点。,,
WL_G1_B6_RX_003,物理,热力学第一定律,78,"typical_errors 用字不规范（""Q與W""混用繁体""與""）（典型错误项混入繁体字，应统一为""与""）",ΔU＝Q＋W表明内能变化等于做功与热量之和。,热力学第一定律指出，外界对系统做的功与系统吸收的热量之和，等于系统内能的增量，即ΔU＝Q＋W。你需要知道，它本质上是能量守恒定律在热现象中的具体体现。当系统对外做功时W取负，放出热量时Q取负，符号的正负必须结合具体过程认真判断。这个定律把做功、传热与内能变化联系起来，是你求解热学过程的基本工具。,,
WL_G1_B6_RX_010,物理,能量守恒定律确立,78,"example 解析空泛（""转化的动能与势能之和""表述含糊）（自由落体示例解析未明确机械能守恒的对应关系）",能量既不会凭空产生也不会消失，只能转化或转移。,能量守恒定律指出，能量既不会凭空产生也不会凭空消失，它只能从一种形式转化为另一种形式，或从一个物体转移到另一个物体，总量保持不变。这是经过迈耶、亥姆霍兹、焦耳等人大量实验确立的普遍规律。你应当认识到它被广泛实证所支持，适用于一切自然过程，并把它作为分析能量问题的总框架，切勿质疑其在转化中是否会有损耗。,,
DL_RJ_G1_B1_DM_004,地理,风沙地貌的类型,80,prerequisites 硬凑：前置引用为喀斯特地貌（流水溶蚀），与本条风沙地貌（风力侵蚀/堆积）不相关（前置知识点引用明显不相关）,风沙地貌分风蚀地貌和风积地貌，风蚀蘑菇和沙丘是典型景观。,风沙地貌你分两类记：风蚀地貌是风力侵蚀形成，包括风蚀蘑菇、风蚀柱、风蚀谷，风蚀蘑菇因近地面风沙大下部侵蚀强而呈上大下小状；风积地貌是风力堆积形成，包括沙丘、沙垄，沙丘在风力作用下移动会掩埋农田村庄。我国风沙地貌主要分布在西北干旱地区。答题常考风蚀与风积地貌类型判断。,,
DL_RJ_G1_B1_DM_005,地理,冰川地貌的类型,80,prerequisites 硬凑：前置引用为喀斯特地貌（流水溶蚀），与冰川地貌（冰川刨蚀/堆积）不相关（前置知识点引用明显不相关）,冰川地貌分冰川侵蚀地貌和冰川堆积地貌，U形谷、冰碛丘陵是典型形态。,冰川地貌你分两类记：冰川侵蚀地貌包括U形谷、角峰、刃脊，是冰川刨蚀山体形成，U形谷是冰川作用的标志性河谷形态；冰川堆积地貌包括冰碛丘陵、冰碛湖，是冰川融化时携带泥沙石块堆积形成。现代冰川主要分布在高山和高纬度地区。答题常考U形谷与V形谷的成因对比。,,
DL_RJ_G1_B1_DM_006,地理,地貌观察的方法,80,prerequisites 硬凑：前置引用为喀斯特地貌，与地貌观察方法无知识承接关系（前置知识点引用明显不相关）,地貌观察按从宏观到微观的顺序，观察内容包括高度、坡度、坡向和形态。,地貌观察你记方法与内容：观察顺序从宏观到微观，先观察大的地貌单元再观察局部地貌；观察内容包括高度（绝对高度和相对高度）、坡度（影响地表物质迁移和利用）、坡向（阳坡阴坡光照差异）、以及地貌形态和组成物质。答题常考地貌观察的排序与坡向对农业的影响。,,
DL_RJ_G1_B1_DM_007,地理,海岸地貌的类型,80,prerequisites 硬凑：前置引用为喀斯特地貌（流水溶蚀），与海岸地貌（海浪侵蚀/堆积）不相关（前置知识点引用明显不相关）,海岸地貌包括海蚀地貌和海积地貌，海蚀崖海蚀柱是侵蚀地貌，沙滩是堆积地貌。,海岸地貌你分两类记：海蚀地貌是海浪侵蚀海岸形成，包括海蚀崖、海蚀柱、海蚀洞穴，海浪不断拍打侵蚀海岸使崖壁后退；海积地貌是海浪搬运泥沙堆积形成，包括沙滩、沙嘴、沙坝。答题常考海蚀柱的形成过程以及沙滩的堆积成因。,,
DL_ZT_G1_B2_GTKF_005,地理,生态保护与修复,80,prerequisites 硬凑：前置引用为海洋国土的开发，与本条陆地生态保护修复（植树造林、治理水土流失）不相关（前置知识点引用明显不相关）,生态保护与修复包括植树造林、退耕还林还草、治理水土流失和荒漠化等。,生态保护与修复你按措施记：生物措施，植树造林、封山育林、退耕还林还草，恢复植被；工程措施，修建梯田、淤地坝等治理水土流失；综合治理，山水林田湖草沙一体化保护修复；建立自然保护区保护生物多样性。答题常考生态修复的具体措施。,,
LS_G1_B1_GM_001,历史,五四运动的爆发与经过,80,explanation 口号“外争主权，内诛国贼”表述不规范，通行表述为“外争主权，内除国贼”（或“内惩国贼”）（口号“内诛国贼”非标准表述，属轻微史实措辞不准）,巴黎和会中国外交失败激起的爱国运动，北京学生率先罢课，后向上海与工人阶层扩展。,五四运动因巴黎和会上列强把德国在山东的权益转给日本、中国外交彻底失败而于1919年爆发。你重点记两条线索：前期以北京学生为主力，高呼“外争主权，内诛国贼”等口号；后期运动重心移到上海，无产阶级以罢工声援的形式登上政治舞台，主力也随之转变。抓住“学生先锋—工人主力”这个递进，你才能理解为什么五四能夺回利权、促成拒签和约并取得阶段性成果。,,
LS_G1_B1_LSJ_002,历史,北宋建立与结束分裂,80,explanation “陈桥兵变由‘杯酒释兵权’联想到……”将陈桥兵变（960年）与杯酒释兵权（961年）两事混述，逻辑混乱（explanation 将两个不同事件混述、逻辑不清）,960年赵匡胤建立北宋，逐步结束五代十国的分裂割据局面，基本实现局部统一。,960年赵匡胤通过“陈桥兵变”黄袍加身建立北宋，定都开封（东京）。你重点记它结束了五代十国的分裂割据，使中原和南方回归统一，但要注意北宋始终没有恢复汉唐时的全盛疆域，北方长期有辽、夏等政权并立，统一并不彻底。陈桥兵变由“杯酒释兵权”联想到宋初统治者对武将的忌惮，为之后重文轻武的政策埋下伏笔。,,
LS_G1_B1_LSJ_013,历史,元朝统一与疆域拓展,80,explanation “结束自唐末以来约四百年分裂割据”年代不准确，唐亡（907年）至元统一（1279年）约三百七十年，非“约四百年”（年代数字不准确，与史实不符）,1279年元朝最终统一全国，结束多个政权并立局面，建立起空前辽阔的疆域。,蒙古先后攻灭西夏、金和南宋，1279年消灭南宋残部，完成全国统一。你记几点：一是元朝由蒙古族建立，是中国历史上首个由少数民族建立的大一统王朝；二是疆域空前辽阔，大致奠定今天中国疆域的基础；三是结束了自唐末以来约四百年分裂割据的局面。答题常考元朝统一的意义，你要从结束分裂、奠定疆域、促进民族交融等角度作答。,,
LS_G1_B1_MQ_008,历史,康雍乾时期疆域的奠定,80,explanation 清朝疆域“北到外兴安岭”不准，外兴安岭在东北方向，正北应接西伯利亚（疆域方位表述不准确）,康雍乾三代对内平叛、对外订约，设府设将军府册封大臣，奠定现代中国版图。,这是本单元的集大成考点，你要理解疆域奠定的结果。康雍乾三代对内平三藩、统一台湾、平定准噶尔和回部，对外通过雅克萨之战划定中俄边界；对不同地区分别用设省、设将军府、册封、派驻大臣、改土归流等方式管理。你能在地理上说清东到海、西到葱岭、北到外兴安岭、南到南海诸岛的大致范围即可。它说明统一多民族国家在清代最终确立，是现代中国版图的直接来源。,,
LS_G1_B2_ZM_002,历史,海地独立革命,80,explanation “1804年海地人民在杜桑·卢维杜尔领导下……宣告独立”不准确，杜桑·卢维杜尔于1803年去世，1804年海地独立时已由其继任者领导（独立时点与领导人对应不准确）,1804年海地推翻法国殖民统治独立，是拉美第一个独立国家。,受美国独立战争和法国大革命影响，拉丁美洲独立运动兴起。1804年海地人民在杜桑·卢维杜尔领导下，推翻法国殖民统治宣告独立，成为拉丁美洲第一个独立国家，也是世界近代史上第一个黑人共和国。你要理解海地独立的意义：它鼓舞了拉丁美洲其他地区的独立运动，是拉美民族解放运动的先声。答题常考海地独立的时间、地位（拉美第一个独立国家）。,,
YW_G1_B2_GDSL_005,语文,《烛之武退秦师》说理艺术,80,explanation 引用表述混乱：“晋‘君尝为晋君赐’却背恩”句式杂糅，易误读为晋所说的话，实应为“晋曾受秦君恩赐却背恩”（解释中引用“君尝为晋君赐”主语错位、表述混乱，学生读来易混淆。）,绕开自身利益，替对方分析利害、层层诱导，最终说动秦伯撤兵。,烛之武劝退秦师，妙在只字不提郑国愿望，全替秦国着想：先说灭郑利晋弊秦，再讲晋“君尝为晋君赐”却背恩，最后点明晋“阙秦以利晋”的野心，层层说透利害、戳中要害，终使秦伯退师。你学它重在体会“以利诱之、以害警之”的劝说术。,,
YW_G1_B2_XS_003,语文,情节的梳理与作用,80,explanation 有语病/笔误：“你这记忆时可用……”表述不通，应为“你记忆时”或“你梳理记忆时”（解释句中有笔误“你这记忆时”，语句不通，影响阅读。）,按开端、发展、高潮、结局梳理情节，析其推动人物与主题的作用。,梳理情节要抓住“开端—发展—高潮—结局”的脉络，理清事件的先后因果。分析作用时看它如何塑造人物、展开矛盾、揭示主题。你这记忆时可用“何人做何事、结果如何”概括每环节，再连成完整故事线索。,,
YY_WY_G1_B1_U5_012,英语,定语从句与主句的衔接,80,example 题干“生活中国的熊猫很可爱”漏字，应为“生活在中国”，题干中文不通顺（example 题干有漏字，不完整）,主句与定语从句连接时保持结构连贯的正确方法。,"你把主句和定语从句连成长句时，要先把先行词找出来放在从句之前，再用关系词把从句与它相接。顺序是先写主句的核心，再顺势引出修饰成分。比如 The panda, which lives in China, is lovely 中先写主句再补充修饰。写长句时保持主句结构完整，从句紧扣先行词才连贯。",,
ZZ_G1_B5_GZZ_004,政治,中国与联合国,80,definition 语句冗余：连续两次出现「安理会常任理事国」，表述不简洁（definition 一句话内重复「安理会常任理事国」造成啰嗦，不够一句话说清。）,中国是联合国安理会常任理事国，是联合国安理会常任理事国中维和行动最大出兵国。,中国与联合国的关系是重要考点。你要掌握：中国是联合国创始会员国和安理会常任理事国；中国一贯维护联合国宪章宗旨和原则，积极参与联合国事务，在维和行动、气候治理、国际援助等方面作出重要贡献。答题常考中国在联合国中的地位和贡献，注意“常任理事国”和维和贡献。,,
SX_A_G1_B2_GL_007,数学,古典概型的概率计算,80,explanation 有笔误：把 事件A含有的样本点数 误写为n，应为m，易与分母总数n混淆（分子分母计数记号 n/m 出现笔误，学生易混淆）,事件A的概率等于A含有的样本点数除以样本空间中样本点的总个数。,古典概型概率就是'满足条件的结果数'除以'总共的结果数'。你先列全样本空间数出总样本点数n，再列出事件A含有的样本点数n、数出m，概率就是m/n。关键在数清楚，用列举、树状图或列表都不容易漏。比如抛两枚骰子，求点数和为7，先列全部36种结果，再找出和为7的6种，概率就是6/36=1/6。分母的样本空间要提前确定好。,,
SX_B_G1_B6_GLTJ_001,数学,条件概率的求法,80,prerequisites 引用不当：把后置条目 GLTJ_003（相互独立事件乘法公式）列为前置，依赖方向颠倒（前置指向前置更靠后的知识点，且概念上应反向依赖）,条件概率是事件A在事件B已发生条件下的概率，用交事件概率比事件概率求。,条件概率刻画'已知一个信息后再推断'的概率。公式P(A|B)等于P(A且B)除以P(B)，分母是已知条件B的概率，分子是两者同时发生的概率。最容易犯的错是分子用了P(A)而把条件概率与普通概率混为一谈。求条件概率前先想清楚'条件'是谁；如果事件能拆，用公式，有时数古典概型里的样本点更快。,,
WL_G1_B1_XHZL_002,物理,力的图示与示意图,80,"example 含'解析完毕'残留（example 末尾残留生成时的""解析完毕""字样，属未清理的生成痕迹。）",力的图示严格按比例画线段，示意图只需定性表示方向。,画力的图示时，你要先定一个标度，用一段固定长度的线段代表多少个牛，然后按这个比例画出力，线段的长短必须和力的大小严格对应，前端还要画出箭头表示方向。而力的示意图只要画得方向对、大致样子对就行，不用严格按比例，画受力分析的草图一般用示意图就够了。要注意，箭头不能乱画，方向要沿着力的实际方向，作用点画在受力物体上。区分这两种画法，是按比例精确画与定性画的差别。,,
WL_G1_B1_XHZL_003,物理,重力大小与方向,80,"example 含'解析完毕'残留（example 末尾残留生成时的""解析完毕""字样，属未清理的生成痕迹。）",重力G=mg，方向竖直向下，施力物体是地球。,重力是地球吸引物体产生的力，它的大小用公式G=mg算，g在地球上某处近似恒定，所以重力大小只看物体质量，跟物体是运动还是静止、放在哪都没关系。方向是竖直向下，注意是竖直向下而不是垂直于接触面向下，也别把它和指向地心混为一谈，只有在地球赤道和两极才严格指向地心。重力始终由地球施加，没有别的物体能给你重力，这一点判断受力时别写错施力物体。,,
WL_G1_B1_XHZL_005,物理,弹力产生条件,80,explanation 术语错乱：'难点判断法'应为'假设法'（解释把假设法误写成'难点判断法'，学生难懂）,弹力产生需接触且发生弹性形变，且物体要相互挤压。,两个物体只要接触并不一定有弹力，还必须发生弹性形变才产生弹力。你判断有没有弹力时，关键要看这两个物体之间有没有相互挤压或者拉伸的趋势。有时候两个物体表面只是轻轻挨着，没有挤压，这时就没有弹力。用难点判断法可以想：假设把接触的物体移走，如果另一个物体还能保持原状不塌下来，就说明原本没有弹力；如果它会动，就说明原本有弹力。轻绳传来拉伸，桌面受压弯曲，这些都是形变产生弹力的例子。,,
WL_G1_B1_XHZL_012,物理,摩擦方向与运动判断,80,"example 含'解析完毕'残留（example 末尾残留生成时的""解析完毕""字样，属未清理的生成痕迹。）",判断摩擦力方向要看相对运动或相对运动趋势，而非绝对运动。,你要搞清楚一个关键点：摩擦力方向判断依据是相对运动和相对运动趋势，不是物体相对地面的绝对运动。两个物体可能一个在加速一个在减速，但它们之间相对静止没有滑动趋势，摩擦力方向得由趋势判断。比如传送带上的物体相对传送带向后滑就有向前的摩擦力。判断趋势的方法是想如果不受摩擦力，物体朝哪个方向滑，摩擦力就往那个方向阻碍。先判断相对运动，再定摩擦方向，这样才不会答错。,,
WL_G1_B1_XHZL_018,物理,正交分解法,80,"example 含'解析完毕'残留（example 末尾残留生成时的""解析完毕""字样，属未清理的生成痕迹。）",把力沿互相垂直的两坐标轴分解，再按分量合成。,正交分解法就是选两个互相垂直的方向作为坐标轴，把所有力都分解到这两个方向上，沿x轴和y轴的各分力各自用代数方法相加。经过这样处理，原来斜向的很多力都变成沿轴方向的分量，处理起来很方便。你先选坐标轴，常见做法是让物体较多的力落在轴上，或让加速度方向取为x轴；然后把每个力分别求x和y分量，用了三角函数。两轴方向上分别求和，最后用勾股求出合力。注意角度取的是与轴的夹角。,,
WL_G1_B1_XHZL_023,物理,摩擦角与临界问题,80,"example 含'解析完毕'残留（example 末尾残留生成时的""解析完毕""字样，属未清理的生成痕迹。）",临界时摩擦达最大或静止到滑动转化，摩擦角是合力方向特征。,临界问题往往出现在物体刚要滑动或恰好运动、恰好静止的瞬间，此时静摩擦力达到最大静摩擦力，分析这类问题要抓住这个转化条件。摩擦角指的是当静摩擦力达到最大时，摩擦力和正压力合成的方向与斜面法线形成的夹角，它只由动摩擦因数决定，与外力大小无关。处理临界问题时，你设临界状态的条件列方程，比如刚滑动物体，沿斜面方向合力刚好为零，就能解出临界角度或临界拉力，再比较判断实际处于哪个状态。,,
WL_G1_B1_YDMS_001,物理,质点的概念与适用条件,80,keywords 跑题：'参照系'与本条'质点'知识点无关（关键词中'参照系'偏离质点主题）,忽略物体的大小和形状，把物体看成一个有质量的点，这样的点称为质点。,质点是一种理想化的物理模型。判断一个物体能否视为质点，不是看它本身多小或多轻，而是看研究的问题中大小和形状是否为次要因素。比如研究地球绕太阳公转时，地球的尺寸相比日地距离小得多，可看成质点；但研究地球自转时，自转与地球的形状直接相关，就不能看成质点。你判断时先问自己：物体的形状和大小对研究的问题有没有影响，没有影响才能当成质点。,,
WL_G1_B2_PTYD_008,物理,抛体运动的概念与分类,80,example 解析有错别字：'大手恒定'应为'大小恒定'（例子解析中'大手恒定'为错别字）,以一定初速度将物体抛出，物体只在重力作用下的运动称为抛体运动。,抛体运动是指物体仅在重力作用下、具有初速度并抛出后的运动，它忽略空气阻力，合力恒为重力。根据初速度的方向，抛体运动分为平抛运动（初速度水平）和斜抛运动（初速度斜向上或斜向下）等。你判断是否为抛体运动，先看是否只受重力，再看是否有初速度。凡是做抛体运动，加速度都是重力加速度 g，方向竖直向下，大小恒定。,,
WL_G1_B2_WYYL_003,物理,开普勒第三定律,80,example 解析有错别字：'半长轴一方比T方'应为'半长轴三次方比T平方'（例子解析把'三次方'误写成'一方'）,行星轨道半长轴的三次方与其公转周期的二次方之比为常量。,开普勒第三定律又叫周期定律：行星轨道半长轴a的三次方除以公转周期T的平方，这个比值恒定，即a的三次方比上T的平方等于常量k。这里的k只与中心天体（如太阳）有关，与行星自身的质量无关。因此不同行星虽然轨道大小、周期各不相同，但a立方比T方的数值却相同。你解题时常用它比较两颗行星的轨道半长轴与周期，或反过来求未知行星的轨道半径与周期。,,
WL_G1_B3_DCGS_003,物理,磁通量Φ=BS,80,example 题干有错别字：'求Φ钢'应为'求Φ'，多出'钢'字（例子题干中'Φ钢'含多余字符）,磁通量表示穿过某一面积的磁感线条数，公式为Φ＝BS。,磁通量Φ＝BS表示穿过某一面积S的磁感线条数，是标量但可以有正负。当你让平面与磁场平行时磁通量为零，垂直时磁通量最大。你要理解磁通量只与B、S及它们之间的夹角有关，并且计算时要用有效面积，也就是垂直于磁感线的投影面积。当磁场与平面不垂直时，你应先求出B在垂直方向上的分量再与S相乘。,,
WL_G1_B3_DLJY_007,物理,伏安特性曲线与线性非线性,80,example 题干表述混乱：'元件中央是什么'语义不通（例子题干中'元件中央'疑似错别字）,伏安特性曲线反映元件电流电压关系，线性元件为过原点直线，非线性元件为曲线。,伏安特性图你分两类元件记：线性元件如定值电阻，伏安特性为过原点的直线，斜率为电流电压之比，电阻恒定；非线性元件如小灯泡、二极管，伏安特性为曲线，其上各点斜率不同说明电阻随电压变化。由曲线求某电压下电阻，应用该点电压除以对应电流，而非取切线斜率求微变电阻。答题常考从图像读取数据并区分两种元件的电阻特性。,,
WL_G1_B3_DNNL_002,物理,电功率及其计算,80,"example 含'解析完毕'残留（example 末尾残留生成时的""解析完毕""字样，属未清理的生成痕迹。）",电功率P=UI，等于电功与通电时间之比。,电功率表示电流做功的快慢，数值上等于电功除以通电时间，公式P=W/t，变形得到P=UI。你要区分功率和功，功率是单位时间做的功，单位是瓦特，而功是总数值，单位是焦耳。计算用电器额定功率时，把额定电压和额定电流相乘即可。它也是电能表转速、灯泡亮度这些现象背后的本质，功率越大说明能量转化越快，灯的亮度通常就越亮。,,
WL_G1_B3_DNNL_003,物理,焦耳定律与焦耳热,80,"example 含'解析完毕'残留（example 末尾残留生成时的""解析完毕""字样，属未清理的生成痕迹。）",电流通过电阻产生的焦耳热Q=I2Rt，与时间成正比。,电流通过有电阻的导体时，电能转化为内能，产生的热量满足焦耳定律Q=I2Rt。你要记得它只跟电流的平方、电阻和通电时间有关，这决定了同样电阻下电流加倍热量会变为四倍。凡是有电阻的地方，无论是纯电阻还是非纯电阻电路，电流产生的热量都统一按这个公式算，它是后面区分电功与电热的根本依据，也是计算电炉、电热毯发热多少的核心工具。,,
WL_G1_B3_DNNL_007,物理,串并联电功率分配,80,"example 含'解析完毕'残留（example 末尾残留生成时的""解析完毕""字样，属未清理的生成痕迹。）",串联按电阻正比分功率，并联按电阻反比分功率。,你要求各用电器的功率分配时，串联电路电流处处相等，用电功率公式变式P=I2R，功率与电阻成正比，电阻大的功率大；并联电路电压相等，用P=U2/R，功率与电阻成反比，电阻小的功率大。这就是串并联功率分配规律。快速判断同一电阻在不同接法下发热多少，也是看电流或电压谁大。常考与电热结合，让灯泡串联却很暗、并联突然变亮，利用分配规律就能解释。,,
WL_G1_B3_DNNL_008,物理,电动势的概念理解,80,"example 含'解析完毕'残留（example 末尾残留生成时的""解析完毕""字样，属未清理的生成痕迹。）",电动势指非静电力把单位正电荷从负极移动到正极做功。,电动势是描述电源把其他形式能转化为电能本领的物理量，数值上等于非静电力把单位正电荷经电源内部从负极移到正极所做的功，公式表达为E=W非/q。你要分清电动势与电压：电动势属于电源非静电力做功的本领，而路端电压是外电路两端的电势差，二者物理意义不同。同一个电源电动势恒定，由电源本身决定，与是否接通电路、外电阻多大都没有关系，这是必须死记的性质。,,
WL_G1_B3_DNNL_009,物理,电源内阻与内电路,80,"example 含'解析完毕'残留（example 末尾残留生成时的""解析完毕""字样，属未清理的生成痕迹。）",电源电阻称为内阻，电流经内阻也要分压并产生热。,电源本身也存在阻碍电流的电阻，叫做内阻，常记为r。你要理解，电流通过内阻时会在电源内部造成电压降落，这部分电压叫内电压，同时内阻上也会产生焦耳热，这就是内耗功率的来源。任何闭合回路都由内电路和外电路两部分组成，内电阻和外电阻串联在一起，共同决定回路电流。分析电路时不要只顾外电路，内阻带来的分压和发热往往正是很多题目设置的陷阱点。,,
WL_G1_B3_DNNL_010,物理,闭合电路欧姆定律,80,"example 含'解析完毕'残留（example 末尾残留生成时的""解析完毕""字样，属未清理的生成痕迹。）",I=E/(R+r)，闭合电路电流由电动势除以外内阻之和决定。,闭合电路中，回路电流等于电动势与总电阻之比，公式I=E/(R+r)，这是本章最核心的公式之一。你要明白R是外电路总电阻、r是内阻，二者相加才是总电阻。电动势和转速固定的电源是常量，因此外电阻越大回路电流反而越小。由它可以派生出路端电压与电流的关系，见证整个电路的定量计算。做题时先识别内外电阻，再套这个式子求电流，是解决所有闭合电路问题的第一步。,,
WL_G1_B3_DNNL_011,物理,路端电压与电流关系,80,"example 含'解析完毕'残留（example 末尾残留生成时的""解析完毕""字样，属未清理的生成痕迹。）",U=E-Ir，路端电压随外电阻增大而升高。,路端电压是外电路两端的电压，等于电动势减去内电压，公式U=E-Ir。你要抓住它的变化逻辑：外电阻增大时，回路电流I减小，内电压Ir也减小，所以路端电压U反而增大；外电阻减小时路端电压降低。当外电路断开即电流为零时，路端电压等于电动势；当外电路短路电流最大时，路端电压近似为零。掌握这种随电流单调变化的关系，是看懂动态分析的基础，也常用来从伏安图判断电动势和内阻。,,
WL_G1_B3_DNNL_012,物理,电源的总功率,80,"example 含'解析完毕'残留（example 末尾残留生成时的""解析完毕""字样，属未清理的生成痕迹。）",总功率P总=EI，等于电源把其他能转化的总功率。,电源的总功率是指电源非静电力做功的功率，等于电动势乘以电流，公式P总=EI。这部分功率来自电源储存的非电能转化而来，一部分消耗在内阻上变成内耗，一部分供给外电路变成输出功率。你要记住总功率始终等于内外两块之和，这个关系对任何电路都成立。做题时总功率用EI来算，再分别算出内耗和外耗，就能检验计算是否一致，是能量守恒思想在电路中的直接应用。,,
WL_G1_B3_DNNL_013,物理,电源的内耗功率,80,"example 含'解析完毕'残留（example 末尾残留生成时的""解析完毕""字样，属未清理的生成痕迹。）",内耗功率P内=I2r，由内阻发热产生，随电流增大而增大。,电流通过电源内阻时产生焦耳热，这部分功率叫内耗功率，公式P内=I2r。你要明白，回路电流越大，内阻上的发热就越严重，内耗功率增长很快，因为它是和分析总功率时的对应项。它等于总功率减去输出功率，是能量在电源内部损耗的部分。评估电源发热、考虑电池过热问题时都要用到它。计算时用I2r最直接，千万不要误用U2/r去代内阻发热，因为它不满足等效关系。,,
WL_G1_B3_DNNL_014,物理,电源的输出功率,80,"example 含'解析完毕'残留（example 末尾残留生成时的""解析完毕""字样，属未清理的生成痕迹。）",输出功率P出=UI，等于路端电压与电流的乘积。,电源输出给外电路的功率叫输出功率，等于路端电压乘以回路电流，即P出=UI，也就是外电路实际获得的功率。你要清楚它等于总功率减去内耗功率，即P出=P总-P内=EI-I2r。外电路上可以是纯电阻也可以是含电动机的用电器，无论哪种，外电路得到的功率都用这个公式衡量。判断某用电器实际功率是否达标，就看它从电源拿到的这部分输出功率，它是衡量电源带负载能力的关键指标。,,
WL_G1_B3_DNNL_015,物理,电源的效率计算,80,"example 含'解析完毕'残留（example 末尾残留生成时的""解析完毕""字样，属未清理的生成痕迹。）",效率η=P出/P总，可写成η=R/(R+r)用于纯电阻。,电源效率指输出功率占总功率的百分比，η=P出/P总。对于纯电阻外电路，路端电压U=IR、电动势E=I(R+r)，代入可化简出η=R/(R+r)。你要注意，外电阻越大效率越高，因为内阻上损耗的比例减小，尤其在外电阻远大于内阻时效率接近百分之百。可惜效率高时并不对应输出功率最大，二者同时变化好方向相反，这是常被忽略的地方。分清楚何时看效率、何时看输出功率，才能答对它问的是什么。,,
WL_G1_B3_DNNL_016,物理,输出功率最大条件,80,"example 含'解析完毕'残留（example 末尾残留生成时的""解析完毕""字样，属未清理的生成痕迹。）",外电阻等于内阻时输出功率最大，最大值为E2/(4r)。,纯电阻电路中，当外电阻R等于内阻r时，电源的输出功率达到最大值，最大值为Pmax=E2/4r，此时效率只有百分之五十。你要掌握这个结论的由来，可由P出=E2R/(R+r)2分子分母同除以R整理，再利用均值不等式发现R=r时取等，所以它是重要的边界条件。这一结论常用于讨论滑动变阻器取何值时电源输出最大，或讨论某用电器功率变化趋势，是电功率问题的经典命题切入点。,,
WL_G1_B3_DNNL_017,物理,滑动变阻器动态分析,80,"example 含'解析完毕'残留（example 末尾残留生成时的""解析完毕""字样，属未清理的生成痕迹。）",用并同串反等方法分析变阻器变化引起的电流电压变化。,当滑动变阻器阻值改变时，整个闭合电路的电流和电压都要跟着变，这就是动态分析。你要掌握口诀“串反并同”，即与变阻器串联的元件，其电流、电压、功率变化方向与变阻器相反；与变阻器并联的元件，变化方向则相同。遇到这类题先判断变阻器阻值是变大还是变小，再确定各处是串联还是并联参照物，就能快速判断电流表、电压表读数以及灯泡亮度的增减。遵循先整体后局部的分析顺序不易出错。,,
WL_G1_B3_DNNL_019,物理,欧姆调零与倍率选择,80,"example 含'解析完毕'残留（example 末尾残留生成时的""解析完毕""字样，属未清理的生成痕迹。）",测前选择合适倍率并调零，使指针落在表盘中央区再读数。,使用欧姆挡测量前，你要先选择合理倍率，插入红黑表笔，短接两表笔调节调零旋钮，让指针指到欧姆零刻度，这就是欧姆调零。选倍率的目的是让指针尽量落在刻度盘的中央附近，因为那里刻度稀疏精确度最高，中央刻度约等于该倍率下的中值电阻。读数时用示数乘以所选倍率。换一个新倍率后必须重新调零，否则电流基准变化会导致读数明显偏差，这是最易被忽略却必考的细节。,,
WL_G1_B3_DNNL_020,物理,多用电表测电动势,80,"example 含'解析完毕'残留（example 末尾残留生成时的""解析完毕""字样，属未清理的生成痕迹。）",用电压挡或图像法测电源路端电压变化以推得电动势。,测量电源电动势常用两种方法。一是直接用电压表挡接在电源两端，若外电阻远大于内阻，读数接近电动势，但严格说来并不精确等于电动势。更精确的办法是用电压表测不同外电阻下的路端电压，绘出U-I图像，纵轴截距即电动势、斜率的绝对值即内阻。你要抓住U-I关系U=E-Ir这条直线方程，从图像几个关键点反推E和r，是多用电表和图像结合实验题的考查重点。,,
WL_G1_B3_DNNL_022,物理,能源与能量转化应用,80,"example 含'解析完毕'残留（example 末尾残留生成时的""解析完毕""字样，属未清理的生成痕迹。）",能量守恒而可利用量有限，须关注能源利用率和转化效率。,能量既不能创生也不能消灭，只会从一种形式转化为另一种形式，这并不等于能量可无限利用。你要明白，内能等低品质能量难以再转化为机械能，因此实际可利用的能量有限，这就是节能的必要原因。计算各种电器、电源的效率时，本质都是在衡量能量转化的有效度。把焦耳热、机械功、化学能转化的数量关系理清，既是对能量守恒应用的深化，也是电力能耗、能源效率等现实问题的物理基础，这类题目考查你灵活套用守恒的能力。,,
WL_G1_B3_JCDN_013,物理,电容的概念,80,"example 含'解析完毕'残留（example 末尾残留生成时的""解析完毕""字样，属未清理的生成痕迹。）",电容是描述电容器容纳电荷本领的物理量，等于Q与U的比值。,电容是电容器的一个重要属性，它表示电容器储存电荷本领的大小，定义式是C等于Q除以U，其中Q是电容器一个极板上所带的电荷量，U是两极板间的电压。你要特别注意，电容由电容器本身的结构决定，并不随所带的电荷量或两极板电压大小而改变，Q增大或U增大都不会改变C。比值Q比U是恒定的，它体现的只是电容器的固有本领。分别实际工作时的Q和U只是这个比值关系在具体条件下的体现，理解这一层才不会被迷惑。,,
WL_G1_B3_JCDN_017,物理,带电粒子加速问题,80,"example 含'解析完毕'残留（example 末尾残留生成时的""解析完毕""字样，属未清理的生成痕迹。）",带电粒子经电场加速用动能定理，qU等于末动能减初动能。,求解带电粒子在电场中加速后的速度，最通用的办法是动能定理。粒子从静止开始，经过两点间电势差为U的电场被加速，电场力做功qU就等于粒子末动能，即末速度满足二分之一mv的平方等于qU。若粒子初速度不为零，则qU等于末动能减初动能。你列式时要区分初末动能对应的速度以及电场力做功的正负符号。这种方法不受粒子轨迹是否为直线限制，即使电场不是匀强，只要知道两点电势差同样可以求解末速度。,,
WL_G1_B4_DLSC_001,物理,动量概念与矢量性,80,"example 含'解析完毕'残留（example 末尾残留生成时的""解析完毕""字样，属未清理的生成痕迹。）",动量等于质量与速度的乘积p=mv，是矢量，方向与速度方向相同。,你想熟练处理动量类问题，就要先抓住动量是矢量的本质。它的定义式p=mv，大小等于质量乘以速度，方向一定跟速度方向相同，与物体受的外力方向没有直接关系。计算动量时必须带上方向，正方向的动量记为正值，反方向的就记为负值。同一物体速度大小变化或方向变化都会引起动量变化，哪怕速度大小没变只是方向翻转，动量也已经改变。做矢量相减时别忘用代数方法按正负号相减。,,
WL_G1_B4_DLSC_010,物理,完全弹性碰撞,80,"example 含'解析完毕'残留（example 末尾残留生成时的""解析完毕""字样，属未清理的生成痕迹。）",完全弹性碰撞中碰撞前后系统动能守恒，且动量守恒。,完全弹性碰撞是一种理想情形，碰后没有机械能损失，系统的动能与动量同时守恒。你处理这类碰撞时，一般列动量守恒和动能守恒两个方程联立，解出碰后两物体的速度。对光滑水平面上大小相等的质量碰撞有结论，两球质量相等时速度相互交换。其实只要记住弹性碰撞的系统动能不变这个特征，就能判断一种碰撞是不是弹性的，也能用它来反推碰后速度是否合理，解题比较快。,,
WL_G1_B5_CGQ_002,物理,传感器基本组成环节,80,"example 含模板残留""解析完毕""（解析末尾遗留AI生成标记文字）",传感器由敏感元件、转换元件和转换电路三部分组成。,一个完整的传感器一般由敏感元件、转换元件和转换电路三部分组成。敏感元件负责感受外界物理量的变化，转换元件把这些变化转变成电路参数如电阻或电动势的变化，转换电路则把这种变化再加工成电压或电流等便于显示和控制的信号。你要把这条链路记牢：先感受后转换再输出。分析图题时，先找出哪个元件在感知，再看它影响到哪个电量，最后看输出给了什么仪表。,,
WL_G1_B5_CGQ_005,物理,光敏电阻的特性,80,"example 含模板残留""解析完毕""（解析末尾遗留AI生成标记文字）",光敏电阻阻值随光照增强而减小，光照减弱而增大。,光敏电阻的材料是半导体，它的阻值随光照强度变化：光照越强，载流子越多，电阻越小；光照越弱，电阻越大。你记住这个变化方向很重要，很多题目让你判断光照变化后电流、电压怎么变，都要先锁定光敏电阻阻值怎么变。它还带有伏安特性，不是简单的恒定电阻，但高中主要按阻值随光照单调变化来处理。判断时先把光敏电阻当普通电阻，用串并联知识推电流电压。,,
WL_G1_B5_DCZD_001,物理,LC电路的充放电过程,80,"example 含模板残留""解析完毕""（解析末尾遗留AI生成标记文字）",电容器经电感线圈反复充放电，形成周期性电磁振荡过程。,电磁振荡的产生源于LC回路中电容器与线圈的电能磁能来回交换。你要理解充放电的先后：先让电容带电，它经线圈放电，电流逐渐增大，线圈中的磁场能随之增强；放电完毕电流最大，随后电流反向给电容反向充电，如此往复形成振荡。电流不能突变的原因在于线圈自感，它像惯性一样延续电流。你分析某个时刻是充电还是放电，关键是看电路中电流方向与电流大小的增减趋势，别只看电容带不带电。,,
WL_G1_B5_DCZD_002,物理,振荡电流与方向判定,80,"example 含模板残留""解析完毕""（解析末尾遗留AI生成标记文字）",振荡电流是随时间周期性改变大小和方向的正弦式电流。,振荡电流是指LC回路中电荷来回流动形成的大小方向周期性变化的电流，它随时间按正弦规律变化。你要判定某一时刻电流的方向，需要结合电容器充放电状态和线圈中磁场方向。规定电流方向要有一个正方向，凡与此方向相反的都为负。做题时先标定电容上极板的电荷正负，再判断此刻是充电还是放电，从而确定电流实际流向。方向判断错了，图像分析和能量转化全都会跟着错，要特别小心。,,
WL_G1_B5_DCZD_005,物理,LC振荡周期公式,80,"example 含模板残留""解析完毕""（解析末尾遗留AI生成标记文字）",周期T=2π√(LC)，由电感与电容乘积的平方根决定，与电量无关。,LC振荡电路的周期只由回路的电感L和电容C决定，公式是T等于二派乘以根号下LC的积。你要记住，周期与电容器带的电量、放电的初状态以及电压大小都没有关系，只跟电路本身的参数有关。增大电容或电感都会让周期变长，振荡变慢。这个公式常用在改变元件求新周期或判断周期变化的问题里。算周期时注意单位，L的单位是亨利，C的单位是法拉，根号里乘积的单位要统一后再开方。,,
WL_G1_B5_DCZD_006,物理,电磁振荡的频率,80,"example 含模板残留""解析完毕""（解析末尾遗留AI生成标记文字）",频率f=1/(2π√LC)，与周期互为倒数，调节LC可改变频率。,LC振荡电路的频率是周期的倒数，用公式f等于二派乘根号下LC乘积的倒数表示。要使频率变大，可以减小电容或减小电感，也可以同时减小两者。收音机选台利用可变电容改变频率就是这个道理。你要会利用f与T互为倒数的关系，由周期求频率、由频率求周期，也能由一个元件的变化推另一个量的变化方向。高频振荡需要很小的LC，低频振荡则需要较大的LC，把握这种反比关系是解题关键。,,
WL_G1_B5_DCZD_007,物理,振荡电流的图像分析,80,"example 含模板残留""解析完毕""（解析末尾遗留AI生成标记文字）",振荡电流随时间按正弦规律在正负最大值之间周期性变化。,振荡电流的变化规律可以画成随时间变化的正弦图像，横轴是时间，纵轴是电流，电流在正最大与负最大之间来回振动。你要能从图像上读出某一时刻电流的大小和方向，正半轴表示电流取规定正方向，负半轴表示反向。图像过零点的时刻对应电流为零、磁场能为零而电场能最大的地方；图像在正负峰值处对应电流最大。看图像时还要能判断电荷量的变化趋势，电流与电压的相位关系在分析中也很常用。,,
WL_G1_B5_DCZD_008,物理,电荷量与电流的关系,80,"example 含模板残留""解析完毕""（解析末尾遗留AI生成标记文字）",电容器电荷量最大时电流为零，电荷量减小时电流增大。,在LC振荡中，电容器极板上的电荷量Q和回路电流i并不是同步变化，而是彼此错开一个节奏。你要记住，电荷量最大的时刻正是放电刚要开始、电流为零的时刻；随着放电进行电荷量减小，电流却不断增大，直到电荷量为零时电流达到最大。反过来充电时电流减小、电荷量增大。这种此消彼长的错位关系，和电场能与磁场能的转化完全对应。做题时判断某个特征量，先想它是跟电荷量同向还是跟电流同向，就能判断增减。,,
WL_G1_B5_DCZD_009,物理,麦克斯韦电磁场理论,80,"example 含模板残留""解析完毕""（解析末尾遗留AI生成标记文字）",变化的电场产生磁场，变化的磁场产生电场，二者统一成电磁场。,麦克斯韦在总结前人成果的基础上提出电磁场理论，核心是电荷产生电场、电流产生磁场，并且变化的电场能像电流一样在周围空间激发磁场，变化的磁场也能在空间激发电场。你要理解这里强调的是变化，而不是静止。均匀变化的电场产生稳定的磁场，而周期性变化的电场产生也周期性变化的磁场。电磁场理论把电和磁统一为不可分割的整体，是预言电磁波存在的基础。区分均匀变化与周期性变化对判断感应场性质很重要。,,
WL_G1_B5_DCZD_011,物理,变化的电场产生磁场,80,"example 含模板残留""解析完毕""（解析末尾遗留AI生成标记文字）",变化的电场在其周围空间激发磁场，为位移电流的等效来源。,麦克斯韦理论指出，变化的电场也会在它周围的空间激发磁场，就像是存在等效的电流一样，这被称为位移电流。你要理解这是一个纯粹的对称推广：既然变化的磁场产生电场，变化的电场就应当产生磁场。正是变化电场产生了磁场，电磁波才能把电场和磁场相互激发着传播出去并相互维持。做题时区分清楚，静电场不会产生磁场，只有变化的电场才会。电磁波传播时电场和磁场交替激发，就是这个规律的直接体现。,,
WL_G1_B5_DCZD_012,物理,电磁波的产生条件,80,"example 含模板残留""解析完毕""（解析末尾遗留AI生成标记文字）",周期性变化的电磁场相互激发并脱离振源向远处传播形成电磁波。,电磁波是变化的电场和变化的磁场相互激发、相互依存，像接力一样在空间传播形成的。你不需要真的造出振荡电路，只要空间里存在周期性变化的电场或磁场，就会向四周激发电磁波。振荡电路可以充当高效的电磁波发射源，为了有效发射还要做成开放电路并提高振荡频率。要理解，电磁波一旦脱离发射源就独立传播，不依赖原有电荷或电流。分析时抓住发射条件：振荡频率要高、电路要开放，方能有效向外辐射。,,
WL_G1_B5_DCZD_013,物理,电磁波的传播特点,80,"example 含模板残留""解析完毕""（解析末尾遗留AI生成标记文字）",电磁波能真空中传播，速度等于光速，是横波，传播不需介质。,电磁波最突出的特点是不需要介质，在真空中也能传播，真空中的速度等于光速约三乘十的八次方米每秒。你需要知道，电磁波是横波，电场方向和磁场方向都垂直于传播方向，并且电场与磁场互相垂直。它在真空中的波速恒定，进入介质后速度会减小。电磁波的频率由波源决定，不随介质改变，而波长会随波速变化。做题时常把电磁波与机械波比较，机械波需介质而电磁波不需介质是二者最本质的区别。,,
WL_G1_B5_DCZD_014,物理,电磁波波速与频率波长,80,"example 含模板残留""解析完毕""（解析末尾遗留AI生成标记文字）",电磁波满足c=λf，波速等于波长与频率的乘积，频率不随介质变。,电磁波的波速、波长和频率满足典型的关系式：波速等于波长乘以频率。对电磁波来说，真空中的波速固定为光速，所以频率越高波长越短，频率越低波长越长。你解题时，根据给定频率或波长就能算出另一个量。进入介质后波速会变化，频率仍由波源决定保持不变，因此波长会跟着变化。会用这个公式去分析各种波段的电磁波，比如无线电波波长长、频率低，而伽马射线波长短、频率高，是判断波段归属的重要依据。,,
WL_G1_B5_DCZD_015,物理,电磁波谱的组成,80,"example 含模板残留""解析完毕""（解析末尾遗留AI生成标记文字）",按频率由低到高排列无线电波、微波、红外线等组成电磁波谱。,把各种不同频率的电磁波按频率高低依次排列就得到电磁波谱。你要记住从低频到高频的顺序：无线电波、微波、红外线、可见光、紫外线、X射线、伽马射线。频率越高，波长越短，能量也越大。不同波段的电磁波产生机制各有不同，应用也各异，但它们本质都是电磁波，在真空中的传播速度完全相同。排序题是常见考点，记住口诀“无线电微波红外可见紫外X伽马”能帮你快速回忆顺序，判断哪个频率高、哪个波长短就不会出错。,,
WL_G1_B5_DCZD_016,物理,电磁波谱的应用,80,"example 含模板残留""解析完毕""（解析末尾遗留AI生成标记文字）",不同波段电磁波利用其频率能量与穿透特性应用于不同场景。,每个波段的电磁波因为频率、能量和穿透能力不同而有专门的用途。你要记住常见的应用：无线电波用于广播和通信，微波用于微波炉和无线通信，红外线用于遥控和热成像，可见光用于照明和视觉，紫外线用于杀菌和验钞，X射线用于透视成像，伽马射线用于医学放疗和探测。频率越高能量越大穿透力越强，但过度照射会造成伤害。题目常让你把某个应用对应到正确的波段，关键是抓住应用背后的频率与能量特点来判断。,,
WL_G1_B5_DCZD_017,物理,电磁波的发射过程,80,"example 含模板残留""解析完毕""（解析末尾遗留AI生成标记文字）",振荡电路有效发射需频率足够高并采用开放天线电路向外辐射。,要把电磁波有效发射出去，必须满足两个条件：振荡电路的频率要足够高，并且电路要开放。你要理解，闭合的LC回路能量局限在内部，辐射很弱；把电容器的极板拉开展成天线，电路就变成开放电路，能量才能源源不断向外辐射。为提高发射效率还要提高振荡频率，靠减小电容或电感来实现。高频振荡电流通过天线时，就会在空间激发电磁波并传播。题目会让你判断怎样改造电路才能有效发射，从频率和开合两方面入手。,,
WL_G1_B5_DCZD_018,物理,调制与调幅调频,80,"example 含模板残留""解析完毕""（解析末尾遗留AI生成标记文字）",把信号加载到高频载波上，调幅与调频是两种常见的调制方式。,要让电磁波携带信息，必须把信号混进高频载波中，这个过程叫调制。你要分清两种方式：调幅是按信号的高低改变高频载波的振幅，使振幅随信号变化；调频是按信号改变载波的频率，使频率随信号变化。发射的原始电信号频率低，直接发射传播不远效率也低，所以要借助高频载波把信号带出去。调制是发射端要做的关键步骤，接收端再做相反的逆过程来还原信号。判断某个电路是调幅还是调频，看它改变的是载波的振幅还是频率。,,
WL_G1_B5_DCZD_019,物理,电磁波的接收与解调,80,"example 含模板残留""解析完毕""（解析末尾遗留AI生成标记文字）",接收端通过调谐选出所需信号，再用解调还原出原来的信息。,接收电磁波要经过两个步骤：调谐和解调。你要理解，天线上接收到的是空中大量不同频率的电磁波叠加成的感应电流，要从中选出想听的那个台，就需要调谐。调谐利用LC电路的固有频率，让回路固有频率与某一电台载波频率相等，就发生电谐振，这个频率的信号在回路中振荡最强而被选中。选出高频载波后还要把上面承载的信号还原出来，这个逆过程叫解调，也叫检波。调谐选台，解调取信息，两步配合才能听到完整内容。,,
WL_G1_B5_DCZD_020,物理,无线电波的波段划分,80,"example 含模板残留""解析完毕""（解析末尾遗留AI生成标记文字）",按波长划分为长波、中波、短波、微波等若干各具特点的波段。,无线电波的频率范围很宽，根据波长的长短划分为长波、中波、短波和微波等波段。你要记住各波段的特点：中波和长波沿地面传播较稳定，短波主要靠电离层的反射来远距离传播，微波直线传播适合需要方向性的通信。不同波段由于传播方式不同，适用的通信场景也不一样，比如调幅广播多用中波，微波用于卫星通信和雷达。做题时结合传播方式和应用来判断波段归属，记住各波段的典型用途就能准确区分。,,
WL_G1_B5_DCZD_021,物理,雷达测距的应用,80,"example 含模板残留""解析完毕""（解析末尾遗留AI生成标记文字）",雷达利用微波定向发射并接收反射波，测出目标的距离与方位。,雷达利用微波电磁波方向性好、易于聚焦的特点工作。你要理解，雷达先向目标方向发射电磁波脉冲，电磁波碰到目标后被反射回来，雷达接收这个反射波，只要测出发射到接收所用的时间，就能根据电磁波往返距离算出目标的距离。时间间隔的一半再乘以光速，就得到目标到雷达的距离。雷达广泛用于飞机导航、气象探测和交通监测。计算距离时千万要记得往返时间是两倍距离，别忘了除以二。,,
